

INSERT INTO `client` (`id_client`, `full_name`, `phone`) VALUES
  (1, 'Ivanov Ivan Ivanovich', '79286684632'),
  (2, 'Ivanova Ivan Ivanovna', '79602984571'),
  (3, 'qEoPAEe xExKOMCUry tWjvWXhvUS', '79837442202'),
  (4, 'UtAeaAUptx gWKENjeLe CTDteObz', '79754185892'),
  (5, 'ICgJBPMCM NwmSMj fnupZL', '79816253581'),
  (6, 'ClaBTj TvnrcubCLW uOUxnmW', '79690741552'),
  (7, 'DgSxcQW exWqeo AXqfYUDhk', '79323812232'),
  (8, 'iyqweqYYf QGuMrceC boOjCR', '79985929572'),
  (9, 'KyjwLs DleGncoco sfSYJT', '79527103997'),
  (10, 'gaOaklWt fmhfAsgBv elnJjpuAf', '79267942747'),
  (11, 'cQATmDzf zmvRchX fdWZuvlx', '79807293084'),
  (12, 'vzeuGFpipd fWSFIbY uPAbqJ', '79119362724'),
  (13, 'MBNoZJbPpy qvtLxpt mehqBimyI', '79798081656'),
  (14, 'vArliFl edlpKk ApmAdTvwU', '79458435740'),
  (15, 'CMRUsz vMAThvN uPupyCKdni', '79493333350'),
  (16, 'xrrCpEAtQ dIokQROTy znMJMr', '79346784586'),
  (17, 'MBsCQZO RRMCyUUi GqLnxvAT', '79629493595'),
  (18, 'cGKocKP OgvZvQ luWuRtS', '79163713910'),
  (19, 'PvwngqBRa lrJpKGp wBeqlQpcTW', '79899929788'),
  (20, 'BBipcJM SJcpSL MiIYDndCS', '79084800511'),
  (21, 'tZFUaLFy pDXSmhv qZydkEUA', '79877534172'),
  (22, 'IwSGsEnLD KIwYMUCMKy ANCiySh', '79747056848'),
  (23, 'eSEjsv hDdCCFWvOD JtlLgGxn', '79770448426'),
  (24, 'CibiMaGrw JbLqaSeI QRAyuiNOZI', '79653449590'),
  (25, 'AxTnMtRh qgMZZfg nfKzgT', '79754936857'),
  (26, 'cIZdcPYxth wGDWPBQt SWPfgona', '79536987788'),
  (27, 'IQKALuTd ZPrBjMnp nkvPlzj', '79562261009'),
  (28, 'ihbaJpKqO bOuziodigu LMQCrL', '79166945828'),
  (29, 'LCGIhjSmB DatrvTWx Chhfld', '79284476579'),
  (30, 'qNROYv cSqQrlh kufbpKFlwn', '79122661159'),
  (31, 'rSYaNDYQPT mmPWYcA mOdKBRB', '79438027207'),
  (32, 'vfjzdAuOF KyNulfQSre yMjqsSGN', '79647284579'),
  (33, 'RRsmUw sjizGm foaDaIOXXu', '79668031149'),
  (34, 'crEfmPtXf RJhnFECigS OfkvJrdhD', '79116610698'),
  (35, 'RYFdaocnZ obwzTPzs xBKJMwxB', '79238360804'),
  (36, 'kvbDgbF PWOTIC FxnFoqAu', '79900491335'),
  (37, 'fhPrAg imrRoGFfMZ umcXUcROCf', '79351983357'),
  (38, 'XRQWjg YSNSDpC mwOYtXxBR', '79222904646'),
  (39, 'wvutIR WxdZYt iWpWiQz', '79020301233'),
  (40, 'nxAmCIbGSb nCunggYUNK wMiUsAYEWh', '79762834408'),
  (41, 'cjBfvwij fivCGUkv sbZCSCQgs', '79589123833'),
  (42, 'cCTZqSpIDv NdkprG GOBfAW', '79522343659'),
  (43, 'JQxOlsg EEvGGzgnt ZeWranStN', '79440435107'),
  (44, 'JOGgCQTXg XfqusM lTfbJWpg', '79356749500'),
  (45, 'lFxrzWO twOaGv rwdPLLDgv', '79713877430'),
  (46, 'ixTZGmSo yufOUIa iXSsfdpFO', '79634094448'),
  (47, 'rxhEguE nBhwRWJ UmIOUsRS', '79820332686'),
  (48, 'jWYWks eSvQLAE TBQEQyTEx', '79071414891'),
  (49, 'dgnxtcskL PnihaqpfLp BagaRf', '79250536139'),
  (50, 'JoMdZPi gcvMfnN rGmBgcPZPF', '79143059764'),
  (51, 'tIgENCGCT ISgOicvXmL FbKNxXDt', '79873249677'),
  (52, 'JncWqs pkfdvv NitrZMT', '79675463053'),
  (53, 'IvSSLz ywKGKtEBrk ZOkypaBbpD', '79427385359'),
  (54, 'qrjGzY PmrlIjX qFkJyyM', '79614105762'),
  (55, 'edvGbbrYY kIoORuORUU JkfauZ', '79556593157'),
  (56, 'XJNaRkBTOK rAmtizFlLa iOFMuY', '79913160529'),
  (57, 'KjRhUi NWJMiUfw QXCEEgb', '79031067077'),
  (58, 'FqlMqo XkcLyvosCJ mqSSZiS', '79531491218'),
  (59, 'mRJLPDKwU DXxarjftMd DdznJu', '79861676624'),
  (60, 'jejjDTru YJfzXn AgSePU', '79205714445'),
  (61, 'zudpBg lpoeTvWsPo jkMdMpZg', '79804831187'),
  (62, 'JksZst BUjBwEvfJj ywSOlm', '79590469621'),
  (63, 'tzfyrZOj agAFOX TjCLefhdqm', '79040029645'),
  (64, 'gGjXhxm FAAkUgP ucoElke', '79368738536'),
  (65, 'XyfgUvqed BfbNEYT DtxPDwIZf', '79745345275'),
  (66, 'CkuXcft iyyMEN FYCYaKEh', '79645834658'),
  (67, 'EEUZdnqu hzXPTozG QCtoOCETj', '79655822608'),
  (68, 'cJsfYl sYPRpoKc IJXqWaWLx', '79234116170'),
  (69, 'IKagqmz irUwvJ hFGdcAuT', '79838435376'),
  (70, 'vqqRWbn YaOZFCa eanvjeAGj', '79239455443'),
  (71, 'diSrrcG harGJAfJNC YoSeToPDZ', '79890725375'),
  (72, 'mMeZkcBt hPNpdNO RifysUJyB', '79905139656'),
  (73, 'RqTPgnrWPS lMuWwpoZq uzDWRnAT', '79632521470'),
  (74, 'uzMDRvbmie xKIjBgm oZRSMpsn', '79971185614'),
  (75, 'Eyyuld JtreMpNo JYYRnMf', '79242585792'),
  (76, 'bFsbad SdSBriMZt JtiOxyz', '79129583662'),
  (77, 'CighYNPaM EBXFEBnB IFJiaIzme', '79639662494'),
  (78, 'IRqxBDTyb pOkWtnMjpo OFQGyAhq', '79849390519'),
  (79, 'PSgSRTazth tbRKmwvuh cUNddua', '79755147032'),
  (80, 'nmkMbpmzFD juUDvgi KaXqlbD', '79176539363'),
  (81, 'lmjiYPu Wubapxr ZrUyXtQhE', '79142256007'),
  (82, 'ouUwaER rzIBmOdF vRMEJf', '79063688573'),
  (83, 'vgRUOgaSE kDkzqPtC XqMkUb', '79748747587'),
  (84, 'XkAqFZq RvItLRbf yOveMlUAx', '79896383859'),
  (85, 'uSwOxpSFs bhksjNtA qndIKdmU', '79871711287'),
  (86, 'TXfbCd dWUJJKY PqgXkIGASG', '79984666920'),
  (87, 'iTxmtlbfz adODZGTnD AmGBFPdo', '79023147696'),
  (88, 'FBcCQmpnd ppbYcQfW NzuvtC', '79128765558'),
  (89, 'hAFYfUM XuNqee djALZU', '79090125636'),
  (90, 'exiKYpCN qiQtmbGxKw TjihmfTaa', '79668297294'),
  (91, 'sCQhWqALek fDSSWxb fUngEqbIMK', '79851312388'),
  (92, 'ghJqXZ SqbXZEjMr NsGJgycDg', '79993163705'),
  (93, 'EMBQmYgxnl YOsjBki WJcXBlE', '79596715671'),
  (94, 'shWMyO nFkNjkUv wrxUDazA', '79953378758'),
  (95, 'iSYqqXbDCh dNrWtibytm wNaqeg', '79072880022'),
  (96, 'RJmrxa quwyGEJTq fwZxRP', '79780641170'),
  (97, 'NCMBqjMI MfiUWbq FzscfK', '79109348531'),
  (98, 'lIofLE aaiOySm Qdokgjce', '79468697611'),
  (99, 'ZifRhp MgGDpltJQ tYCNNMftn', '79652807137'),
  (100, 'lhDheMow TckGWTB uKYQoBJB', '79692842904'),
  (101, 'OvlffYEOd ZYNmzbXIlS rIlWcQNqn', '79775433850'),
  (102, 'QQDZoFZGB apxqZlT gmJbTC', '79741923479'),
  (103, 'jzgDknmBrl pWpNDET hZMAxkzvTr', '79652307455'),
  (104, 'FyKDBT qeKMEt XpPzOngMed', '79426943168'),
  (105, 'QjycbNvsB cLPiztOZh mQNiWFkTZ', '79629352537'),
  (106, 'nKDgUID fXlYGjIBA SJKUejht', '79079970254'),
  (107, 'XZUvAcUBnW dfaNlyUN OCOIWLx', '79514284318'),
  (108, 'WjCiDt eYwKpOS pQGFnYXc', '79364033402'),
  (109, 'dIUjvT YOAkxUJ kAMmdfauSW', '79284114772'),
  (110, 'gAOlGGKt TfYldk GEaXnrh', '79570237403'),
  (111, 'jAJdynS XhqIvOWEcP nkoBIkDSm', '79716218814'),
  (112, 'AJKemaxxZe xCuOBNZse FXQIxrSam', '79978441461'),
  (113, 'qRKTDx YqfrLJDM iAYxrorDQ', '79991118830'),
  (114, 'LSkSXIQmeg jcxvPROE zxgBYPfZie', '79268794346'),
  (115, 'mrjWXlqNZO CTKxKjK xwdsYInrz', '79557137258'),
  (116, 'OByLtZn SrGFXLBM seWPwbj', '79680867567'),
  (117, 'oDeojkIRq KCOzcEsm OLDTOUvdj', '79249370352'),
  (118, 'PYjxxsdmz hgUGInqG kkrxTEd', '79739376801'),
  (119, 'ppEfqxzzju wcDesRJJ hbzzReuCD', '79577445503'),
  (120, 'sDDAAj KAhhPTUPL jxAnTe', '79305741747'),
  (121, 'leEgznai jCcMICxRa JCWZFQIjc', '79309534878'),
  (122, 'kRindI hnDEFD WDerZfaTtQ', '79249294840'),
  (123, 'IKLLQxvI hXgFvot RUDolaPZce', '79970581675'),
  (124, 'khdrsOgUdo IngGtrBq gzahaTt', '79784159989'),
  (125, 'YwUhISulrl AiICnRBrt QwYNKQJ', '79674395617'),
  (126, 'ctlOPf fSBbyP KLUvkewmL', '79315253033'),
  (127, 'sJqyOnvoPL CNRRuedSTr fWFLKM', '79284615464'),
  (128, 'vkskugi hMSBtKqh KwldnY', '79880314332'),
  (129, 'GbdkxtDpeK TQCmkjzPGp xNJjbmB', '79949110693'),
  (130, 'OqkuRFdG xYNcRSI ZQTuBp', '79149162399'),
  (131, 'BKEUXNhv goLEAreO ZQhoEaLZN', '79485114670'),
  (132, 'uotomD ljjScGg INNqsdIyY', '79180613527'),
  (133, 'sgCNon jDsaJp IgLoQkabk', '79307301807'),
  (134, 'gokdom ZzGbOY OZOGEjoUe', '79959140451'),
  (135, 'KTkOPO BjlLXdIKi tJFiIaizqG', '79125269391'),
  (136, 'LGGAysY uPZxIYb plWahzlW', '79667435813'),
  (137, 'SvqWCPu sUEINd faxwfb', '79259500088'),
  (138, 'gfTyyRCp BRmvFdEZwj lOGIBpGc', '79619555501'),
  (139, 'AWnveD vZXTAunE AgUvcb', '79417427028'),
  (140, 'KRFdiR bUYomyQ OaGblfnm', '79046516520'),
  (141, 'AruwFPYjYR DAPsnuWZfC cvMzXGjYTi', '79913982570'),
  (142, 'oPSCUbgcOf KDOsIMsb sepBAsCfs', '79227261006'),
  (143, 'iLTPBzDldl uOrbMqAi rmpXuhoi', '79868669280'),
  (144, 'wTByIhs oIIjBNzNqO tKoeMlvJo', '79008059427'),
  (145, 'zhZtoOx jCxAFg EgjFvSi', '79502876272'),
  (146, 'NklOhiia lQDuUxhDh sOvasoRt', '79910603146'),
  (147, 'AWwzycnWIT QEBLyaw aQrftW', '79344965499'),
  (148, 'sfkQCFbSYa FBmyck RWXbexEX', '79007692419'),
  (149, 'tRRdeC NmkGplWh RvbPjra', '79378562995'),
  (150, 'OFrkQMox aesPzG bKUhFZhNL', '79540676222'),
  (151, 'UyLxNdCBFx gxWxqSc FCYxoae', '79550244658'),
  (152, 'pXBSdG LLBaNabb rBZqvNL', '79689951517'),
  (153, 'kAGdxPSR PAugAehAv yXTGWaduwL', '79749312751'),
  (154, 'fqdEbeWDw JzzajJx JjWBNChUru', '79473824247'),
  (155, 'QlcxKYuEc offDag jhKrGNc', '79401720791'),
  (156, 'cKhCpr dEMCZWQry oyURupG', '79959569778'),
  (157, 'vRPXWt RFTeCv tUywIM', '79241551134'),
  (158, 'yrzSTny hoELxj XSTaubWI', '79601995601'),
  (159, 'tjalCY CZuLTN Fpkjocv', '79922713496'),
  (160, 'qsUIEc EUhgAcB uNpPukntp', '79657313651'),
  (161, 'StsTao YeWSUEit mWTpyrqa', '79888964144'),
  (162, 'qzFvyFCDB ncjbPJuf DGlPZYU', '79682761934'),
  (163, 'hFRNJGh zcKhatOECh mIUhRtLlX', '79321586892'),
  (164, 'OQUpedsdfP fCzLml DnmBGd', '79042041104'),
  (165, 'hePfDd IqSzyJkti QlbOcgNC', '79897534295'),
  (166, 'ULobym FsRQTer BoLNjxuLef', '79929142166'),
  (167, 'uaKBnde ZghsiUws ywWqybLC', '79735903335'),
  (168, 'GfxsJdIL EnegagPpzC qOxJskUqUS', '79633100118'),
  (169, 'atrmiJKRjl NcnMvc diczaw', '79382967180'),
  (170, 'fsqcisah KgapYBp PrAnObFb', '79827289645'),
  (171, 'IdSrUbCo oKfldSbgy OAwQNzWxv', '79646711899'),
  (172, 'pEupPZEQMq vWlWRDF fcyJbIBUK', '79561263067'),
  (173, 'iESdkZS yGCGDv eoCxLXDEUW', '79632590146'),
  (174, 'OJXTajFiri xdWwqn OMFTah', '79847359370'),
  (175, 'GxGIPhFkIy BahZSW qDTYeDfOaI', '79884625274'),
  (176, 'sbuQuXaORn BDZIbp aWgUYnR', '79975968213'),
  (177, 'kttdyOK tGFzbOGxuD ymUgSyB', '79806431498'),
  (178, 'TJXklpAu AcqJiR SUBkizw', '79835443408'),
  (179, 'QmitysUFnU lBEbbtqgUk UMCUGR', '79379717123'),
  (180, 'YbxKxeBs plgNmlYZKy hNAvxbhOS', '79179913904'),
  (181, 'TYprTkfRn ZwcWKn xbJdxt', '79293938419'),
  (182, 'spoqpMfPeu YgBQoUoNMh zNYMYS', '79711561668'),
  (183, 'qyTZBiFjE BKeItFM nUweyADb', '79713468980'),
  (184, 'XhQYSmPr LSxGPk QlilZmyUe', '79537534809'),
  (185, 'dmBOiregWl xCwvLX WkDFeT', '79000341407'),
  (186, 'FnSmEIU kLeeab dtXnia', '79854894785'),
  (187, 'JLFymu PGMiwxQF OyWvtlLUbt', '79839140410'),
  (188, 'KKIAwesl cUYlpy NWUiIOAYR', '79561121116'),
  (189, 'ywNaaGx NhrMve KCYMPUwUUP', '79547444006'),
  (190, 'tmEXohyZg dgDscyM UfzAflfn', '79226988739'),
  (191, 'BGvNZELm EYGuvhj pbojjC', '79325508712'),
  (192, 'EXKsdJXr nFMuTCRf ScvUaPY', '79932816107'),
  (193, 'svRDfNi QNOaYo lGKQijg', '79212037036'),
  (194, 'KRSZshrQ AYUfqMmAm zcYQjsWvP', '79942539604'),
  (195, 'uflcWhDvLy iaIJTGFmbd UKoNTcSmP', '79035420962'),
  (196, 'WEwXLwA IIfqwQUl NXtWxk', '79676941199'),
  (197, 'BECXgjeUE TUPBdv NlmNCz', '79605512847'),
  (198, 'YMLtUl jmkCatgClf IbgAmrjJ', '79594682644'),
  (199, 'cnkvjlTdt xPXmipIfof bWYbSxeAp', '79528376182'),
  (200, 'SlIfzr oJuIdJ gMnaaW', '79558985957'),
  (201, 'NktiZbfJy yXGnshOL zAXrobd', '79486290219'),
  (202, 'XztXdFPnN YbwlkvJWle KmNAOqpTiL', '79785971154'),
  (203, 'ZeRKEB EPCgcPbp EeLzKu', '79472805498'),
  (204, 'BwrMESe ZTooMmxia dfAFJENZw', '79996415906'),
  (205, 'quRAqGaut LxCqQSwe SiKTGyY', '79396376433'),
  (206, 'tolFwmpFnI QliAhm gZjpMUXDTy', '79560078076'),
  (207, 'kUyyZwIYIO DDXnFm wmggeey', '79617478352'),
  (208, 'tyTvFIs dEAqcgvSfv WhJunSkS', '79905626070'),
  (209, 'fRAMLiO YJWTlXRW fGtbdFjEqT', '79594909853'),
  (210, 'KlQnTt ChDhzvYJf hzYkYTP', '79575774292'),
  (211, 'NeesCGRFI plzmQkoSx ajCxwSl', '79194130144'),
  (212, 'asWNnMPx kRzSwQ bGdWQuPL', '79541536286'),
  (213, 'gWCtEzIa mBpuCcbhTg hxzCXThqX', '79764169062'),
  (214, 'iFRSEo iPlStSv wLwTlR', '79839193305'),
  (215, 'JLmWlgbSU KrNtrBLE ZoojaLdePF', '79338117888'),
  (216, 'iQnJFEXmx uWDxpt cunyWFvC', '79426641269'),
  (217, 'YuPnyOpa IYykMqKwZs dAeUYKTt', '79404669150'),
  (218, 'rtziIE XmWUPnbA gFgsiXGtY', '79146802710'),
  (219, 'Aqraobdxa wqALrPz GIyrqDtM', '79656976888'),
  (220, 'idqUBOuhgR AZCpAL QbjmuGx', '79128438976'),
  (221, 'vZZYzvdB MUgEreB OnvpLWAm', '79012590427'),
  (222, 'bRyYtyE UIaMPstzG OmljMlBDP', '79680368900'),
  (223, 'YBnYuR gPMDTB YoJFwD', '79998006207'),
  (224, 'rqMXFUbk vDQftqcM FzEWLUkp', '79797237456'),
  (225, 'PSxsSd pNaDfO TREYYy', '79768778104'),
  (226, 'PqJDrnrP Elghkvruhm LSyCSJTnmq', '79603993376'),
  (227, 'ORiCEGq tTNTwX AwBSkWFbwp', '79120116657'),
  (228, 'EzuabX BKcmumNeKD DZXTmfQNc', '79017680268'),
  (229, 'icuGfniEQU yPgcgdeqGv RAJLbSdJih', '79696050486'),
  (230, 'XfWtmj bcZZCFKJa rksSwSZJoA', '79145188163'),
  (231, 'lFgMYvY xeCimnhn gsmaSKgpI', '79210113705'),
  (232, 'MAcFdNwWv QKRozwbriG oQokkwPjWC', '79685708076'),
  (233, 'kGMwvuNX ZjqYUFL AMObzwwgvq', '79775199656'),
  (234, 'QAKdEvFg aJBCJGRFeA kbbolpPxSx', '79630315978'),
  (235, 'QfKRvh rFuwPD NYoJbWSjs', '79913490024'),
  (236, 'XyYNTS UTXnSB qAQrlh', '79090382383'),
  (237, 'rgXPhdgUL CaLitSgh mGaghuIfAo', '79282473371'),
  (238, 'lqjkhad umGqssJO dkmcAfOU', '79419056581'),
  (239, 'sJOTLfYyMF GmOovZfwNu ymraWbdygc', '79494781936'),
  (240, 'LSTinRI wtBvNC GaOkrJWspv', '79678718659'),
  (241, 'DOYeDJZJ TmPsMAT gkjrUYz', '79743015615'),
  (242, 'RcSYIuxkxn FRXvzF XqlbNtsLCz', '79221884341'),
  (243, 'ODAcrlvYg jZbAkWKg xJziSTb', '79152017416'),
  (244, 'cbZrey zQZkmKhros cwkpfke', '79337849477'),
  (245, 'TqxezNaG fJAzjNaB sXkIyNUlJE', '79673045720'),
  (246, 'jTpJQB oEFablABZz xFcShgWr', '79144458743'),
  (247, 'cERXoaj WeMZGmzIm wLToYSiC', '79074144349'),
  (248, 'IuieFSW MCYgMIEh nINezRt', '79796273715'),
  (249, 'ONPbGst buUpzrdq XTwSKn', '79778455625'),
  (250, 'YeEDciql sICJBSbJd nfUZIfj', '79550663448'),
  (251, 'ENzmDg KSQSNOgk pafGQe', '79244225283'),
  (252, 'SOBSFQqfis KsQOhIq ngnuTuJ', '79289113175'),
  (253, 'OyozhFssmQ JwYcbOcye uMkxslbB', '79978886017'),
  (254, 'XZvMGNl bsYMfTPgT yEjPAQp', '79609999133'),
  (255, 'vApcTYYU svKEZi jucwkCr', '79048851912'),
  (256, 'OdvUGxX NiEMMz EdXBAKyyyR', '79495800287'),
  (257, 'dxwoxDWq LftkAFgsA rpwGjldvs', '79855740408'),
  (258, 'LoKMNa NEwqKOhKPF Xkawja', '79022210714'),
  (259, 'etqhbrC eeTxmZIW yLARqR', '79576334023'),
  (260, 'yosiFQcJD RBTkJAja bSbOjgow', '79034044216'),
  (261, 'bnwjYp EraNvh KozzOqwBGL', '79418927748'),
  (262, 'YLhJzK uTUBENPl LgsxbMGAc', '79078110761'),
  (263, 'OYiyUD YZpMcFoYTd KhlbuTZFU', '79749912092'),
  (264, 'ATUdqPRj lxjKaZev dykeCalSW', '79404368402'),
  (265, 'PCntfNtv fKmOgYl myvGwB', '79733314158'),
  (266, 'WLELtk UKpLSwPUgl wLpAITQp', '79641129343'),
  (267, 'atEKdojf LxkblAmjY tpdyPCFXnq', '79194472495'),
  (268, 'IYAlTx PFOfxqy BmbdtSc', '79686884835'),
  (269, 'CYxwxl YLyWIdv Nbdrte', '79454460046'),
  (270, 'kEAukN ADqtDs PcNAXdYv', '79046722158'),
  (271, 'OyGwJFLfSI dYAYIFd GwtbNo', '79655744744'),
  (272, 'yAYUdGJj WweWLK DJzzXZLPy', '79317139308'),
  (273, 'lMtomwS szJLobw icjBpBexl', '79237004840'),
  (274, 'vpAcStkl LfiztDEpB KWBhfYzyr', '79768460059'),
  (275, 'ObxUYoiJpe bZEaRWxS DizilMJSn', '79073354777'),
  (276, 'cGFimd GZqqEsa kZknPmcrh', '79117625112'),
  (277, 'OzhzLiDPoU xGdxWrMPb LeMFgdXypy', '79116962378'),
  (278, 'sbhANqlvDb gjmEFp UGEFuAJ', '79079288743'),
  (279, 'qqIaruBAt gqdxXJxiSW JKYjBIN', '79885885721'),
  (280, 'YqWdkxXw dhbnfrASZp dXMlGndT', '79217372043'),
  (281, 'zxcXOWy XKmngJrxC ejivbz', '79393061888'),
  (282, 'WzPZPg OSSyhXDa FdAhqm', '79080357637'),
  (283, 'UjjzmFB jJjZWc poikNGUvdQ', '79689923123'),
  (284, 'wAjIGZBp BBDfevptt bQAgrwmkjX', '79682304936'),
  (285, 'RbvmZqQBO SEnFgSEudP jpwbMuTt', '79467430040'),
  (286, 'aoELDxUnir WkpCfd SOyqWlz', '79813144712'),
  (287, 'cxIrxfSxzb JNPtAwwn tGGlNAw', '79957122151'),
  (288, 'xUIqzeAY WITYuMh GsNBXsT', '79109619527'),
  (289, 'Oafijpk YJYkcOjRKh rkYlBLvkCh', '79149400282'),
  (290, 'ATKGzhYs aDdrUgztIf wozQvmfzgi', '79608800694'),
  (291, 'iAMkkIeyY gKBzxozQ nMqxUcPogD', '79624030859'),
  (292, 'wiJiqxLQ iiKIvsdYg RKTZjha', '79590086130'),
  (293, 'eALMiX KEAQLwFyq qaAjFNzMoz', '79952981605'),
  (294, 'rgIqRl TnFMmGMp KpxNlf', '79822932559'),
  (295, 'QCfuvkyIl phDrpRbF gvTKhtB', '79218463927'),
  (296, 'aGTuSmDt BsSCCCWbL ZCAkaBa', '79561256334'),
  (297, 'GdhxdXO uqleuj jxuKCE', '79152568252'),
  (298, 'bbZkJCIr ZScGEwSAc XXNLXssR', '79346500656'),
  (299, 'xDoPhTDeuG rAQxkCLB QZgQZd', '79274891585'),
  (300, 'DvcEAMWv LWRgsJZ uswUpDAPa', '79976500699'),
  (301, 'tvpfufS XLPZdpNarL nOTDCQ', '79029329174'),
  (302, 'OwnJawU WbIsDraUq ovBnDuLX', '79742964749'),
  (303, 'emkIlPrC cUPiTr eqdrokeQX', '79497506894'),
  (304, 'BdBNWJ FIpLuC JIQsNRXiL', '79807978856'),
  (305, 'AZQyjK BcbvAsSW LlppneYTKQ', '79328592639'),
  (306, 'ptGCxePZl ryQYwv OWmPxraMsX', '79167676026'),
  (307, 'tybUBkFyXg fQSFmBy NykEgT', '79435821293'),
  (308, 'OXQnprXvtB cuiTjUPPjU QDcjTKKQ', '79714158652'),
  (309, 'QxBabExRIs jsexxhbi IqRtzqZGY', '79261621141'),
  (310, 'SSzaKCrtv GPnNtZWvJ MamhqWgpu', '79415690018'),
  (311, 'OZbhxWK LzzhnxjQJJ kxlpauA', '79630728436'),
  (312, 'zjWvhz wIPaUe kJKuikprh', '79800607779'),
  (313, 'Cncnoh twskGUmt XkqURddT', '79614428984'),
  (314, 'OoFcZJepBd GeWUuIn eJFDqM', '79268327787'),
  (315, 'jpBodQMZc SeOioUrLj OLxOWkw', '79955171755'),
  (316, 'qzslUDFe ihrpfjL AaEpxMSnJ', '79293695596'),
  (317, 'IwEzGXxrUi yxvDWNU LKlmZz', '79561633215'),
  (318, 'fAbxOJj vlGhJfUT PiFomqu', '79182541309'),
  (319, 'hxXMSXrAo ppIRvod XWgkBngu', '79852230302'),
  (320, 'EtdzSO GPiZPuyjc kFykEQpvOg', '79686727011'),
  (321, 'zklnbqL tmGXMWOy cpLFhfWDwD', '79136814301'),
  (322, 'CFTlLn xrshzlJBBs ikCUkJR', '79815521080'),
  (323, 'lqbpauExEt PwTMQRiUgh PyJYTz', '79928855759'),
  (324, 'CTXEQm REbcPBZbCP ACoEWty', '79897059920'),
  (325, 'qJFsdyFsK slxiExCgK PtDCbpn', '79737523891'),
  (326, 'iAASTDXedL qSyzsnlKgn QsiqqXUC', '79900673499'),
  (327, 'NhgJgzgSjz DgEnTFk kSJulPmqs', '79874838549'),
  (328, 'IpwCfeE IzQUJUl IESzftO', '79272031353'),
  (329, 'KmkDXPPPUQ sXiqjOv FaLKhTvmAT', '79444691103'),
  (330, 'gOmCbteA ORoOwney UqCKpYt', '79647858748'),
  (331, 'QCXRbE MkDRDl JsbmTGQgK', '79502034312'),
  (332, 'PITKzBSWF vxdvMuMTSc ykDDOB', '79470799689'),
  (333, 'htXCSwIKCk flvASU fibucgOo', '79514357952'),
  (334, 'fNsAZZuurf TJJUpaOLh xeLnWmqlaN', '79289638880'),
  (335, 'hYPzyaUy kCXZUOTJ oaLutFbS', '79668577446'),
  (336, 'SvmjNiDFe ySkXKTQz uojPOT', '79649060496'),
  (337, 'hsKoWvi KQqJjAEkE SPGgUyX', '79676215704'),
  (338, 'ckKqQC yKMzlj AhbxEMC', '79206837268'),
  (339, 'OgoilucFG mBXBDZzm CfgPTuJGsa', '79493796717'),
  (340, 'nXZpiYwIA nTXpJBocq KrYfDm', '79778255344'),
  (341, 'EodXrv fqimJh CJFrWa', '79561483115'),
  (342, 'durWtTf RhzAPjxMG MLMLSTbdz', '79000089351'),
  (343, 'DdKrWUxwJq GzRgvN bWtPQOA', '79997334100'),
  (344, 'lOuFghz AQGbvrB WyuiQhWFA', '79234346739'),
  (345, 'FNOoxr zpXBMtqlX OOaiUc', '79446359576'),
  (346, 'kJQxxp OwiBgx vzTPOaGUdo', '79519132871'),
  (347, 'FxGmlSm NoiujSwBy BghNCrJve', '79817979512'),
  (348, 'bqgSiXhZKx oChNdZY BWtcMz', '79098183112'),
  (349, 'TbJxgkG kbiTznm nEKGBmfr', '79902280865'),
  (350, 'DQWxcWQU yBNupFJ pPQsXLipWY', '79099512251'),
  (351, 'WXhmqPKQFB CaSqJq gzMSUzI', '79644098372'),
  (352, 'LsMRqMo utWfxEYidb vsfDaJDXEw', '79560850594'),
  (353, 'IvoGlnUBx PapKZdiBrI AjtvQExlxo', '79596294371'),
  (354, 'xymLZIZ JPvnNLhIA LMbAUQdgQ', '79570629563'),
  (355, 'ZRMEcNrXy LBvZBbdZ YliTcyWT', '79094822418'),
  (356, 'UWqPND QGiEnQzD BLlBcIqS', '79625297981'),
  (357, 'TXkxnlcOwl qABhICGzS LTNfsPkqxF', '79148440733'),
  (358, 'OOcascio DzqiCnIn tdcjSXtUS', '79965291392'),
  (359, 'oKyicYwT TKhCeS IzWBzg', '79695396805'),
  (360, 'jrnfIROfr fiPYQof sIqKkgzU', '79258601202'),
  (361, 'IbRPEdC QZFbdrOmlw UZzlNQlTdb', '79127114855'),
  (362, 'zLZbzn yQABbP SaBRIYzg', '79388624058'),
  (363, 'rdfeImCsuN WuuAkFIs Jphhsn', '79904001761'),
  (364, 'YQMtoNP DDkUEAjN qNwJGe', '79123537403'),
  (365, 'jKyKeb BdWfsxCvL kaSjICZ', '79235009199'),
  (366, 'mMyUtRbkMq kbZNbj GhYhiEi', '79139173396'),
  (367, 'IegGzWRQQ dnmYivl KBNIDy', '79668283506'),
  (368, 'dGZxIKvS eoYPht rffmrBm', '79852806312'),
  (369, 'gvhmtQTCvx xRvTNqZem LUIpaQPvgw', '79438214884'),
  (370, 'wQaPWBcM LBbeTt ZFpryDQmk', '79309651504'),
  (371, 'jXrdluub dKGGdSkAZ ZsbRuBx', '79352948501'),
  (372, 'xiimLZNyN ZeDogBqjd QadumJ', '79484293588'),
  (373, 'vTXzvrqgz UIyzgaQFpa lmZbfu', '79796901235'),
  (374, 'Ntvbcl mxoAGOkc FqsFZXt', '79412760293'),
  (375, 'GtRoQhb gotLpNn pcGRdzUDbK', '79294087544'),
  (376, 'CUgpFdr CsruSzecU eFxymJ', '79268377991'),
  (377, 'CZYQEGI hNKJfuoq mayIKdA', '79212875054'),
  (378, 'LnZGjW FWkOmhb ojopQjpRoW', '79819376400'),
  (379, 'gYTfPrdqZP TiazOdy IvcPwnt', '79373229861'),
  (380, 'aBawwz WnAFIPE JpCyloYm', '79819400979'),
  (381, 'hwicvQPi CTBBDurh agEgQsJPNo', '79560594349'),
  (382, 'MawQTm NcPOqDhp ysAuYf', '79497789465'),
  (383, 'nKCmFZltAI DqrXLUwSI BEIytoZc', '79536546605'),
  (384, 'jKqzsZQbss zgUMzDEAa RWmapP', '79555776145'),
  (385, 'pdNymtLDo diwiqtK qlzAFaWRiC', '79060430981'),
  (386, 'nMAivrtS wmvLXv LDTnXpCal', '79722948941'),
  (387, 'XmWhUAhKeK hlLmMhcZ YoywhzEWo', '79238529673'),
  (388, 'UOAyzEd cKgSxbvY AOXyZAE', '79415438392'),
  (389, 'EnjskB Mcyvpwf nkGAZgUWm', '79382936727'),
  (390, 'NdpKYer KGcJkT YwivqGj', '79028737905'),
  (391, 'zBCPuc WRMpRFFEK TOUymZzu', '79832253528'),
  (392, 'icGTFbvFj McLMacQ acuhNWeu', '79911373623'),
  (393, 'yrOzkpkCb YtIcvCpTMp ybtdDWqkcu', '79821865129'),
  (394, 'pGbFoEDbmQ JNrRGEcFvY caZhLpxDJN', '79505846555'),
  (395, 'WOLLFdAs EQcZDIIssL sktjswNxv', '79505115168'),
  (396, 'OmrfSmZuT fbScRhpE zYRBTxcl', '79392322558'),
  (397, 'neJgjDzv vJPhSulOO vIiXApoOx', '79305109631'),
  (398, 'BPRpqii bYKzwF gxMGYE', '79753218197'),
  (399, 'NyoauSECJ LvtSoDiYUf yqNKEDFIg', '79232379533'),
  (400, 'LalFMJJI FmfqJoPnsW bmJGTTT', '79505883397'),
  (401, 'eUzeXMY dlBBnpTs eKmehAxj', '79951116307'),
  (402, 'XNNQygbAub LbXQcd NXuOqaTsav', '79374148840'),
  (403, 'qBqQypw YqRlvAYAlr FmoBgRNrs', '79026631033'),
  (404, 'oUEXaffkdR GSwaGopxn MvdPeqI', '79568909281'),
  (405, 'apljifLl GsvMMaJyW YnalQn', '79463734068'),
  (406, 'cTQDNdD FkSKfvnpW ThtPij', '79330584735'),
  (407, 'OOfkeDd WrJunLmuJP XzSgUCYS', '79252131545'),
  (408, 'MKvAtzfffj TXIxsQU ODxDxFcqD', '79499763339'),
  (409, 'uFwsfWem PfUXfWwU gbUSdKsR', '79688627208'),
  (410, 'cOsMStf tsFrutBcO IOUZRKsy', '79509717619'),
  (411, 'ZXPLbiWipX UnqBAAIiUt UcqbsCB', '79902946498'),
  (412, 'ygZNvaNBDM PejmpxZIor yLyWSRuf', '79218196287'),
  (413, 'oWOGQuDi LxkBEh qEEUjeR', '79915546323'),
  (414, 'FjhJBPkmvh yjpzbX qDrDiZZS', '79615184233'),
  (415, 'SbKTUpU oeACZuZQO ZXJZolv', '79833791478'),
  (416, 'jmDwuE lGXJQQKcp voOhPPhW', '79893491370'),
  (417, 'KtoCft oJbWiGR dQurLhUj', '79090301318'),
  (418, 'FdMPCKNjYo wJRvpYX UoueQuEe', '79048731852'),
  (419, 'PdgYdaDcs nhiPoE uESMJyFQmq', '79233733049'),
  (420, 'hfQiuxz LBUaiIa TBWRqlmtzZ', '79244680664'),
  (421, 'uoycUd XinPLXk CrvXvIDq', '79960825047'),
  (422, 'nEOckObcqJ WZpRWsMJtf UxBMxSxF', '79736911529'),
  (423, 'vMTRghqGTP CYjsKltRv eCtfTAmIO', '79425891122'),
  (424, 'OrPsyZP hWOLhayIeb aujDWNu', '79410130041'),
  (425, 'cidlRtQdXZ PTBRigwqe CdIqhM', '79498295861'),
  (426, 'PTpujTyAne hZXPeWkzdK QyiFpedTO', '79472266581'),
  (427, 'FSyWIb NKrCBK MnROdlMpj', '79117471164'),
  (428, 'pSQGxWGk qRiWdpcW bkCpeMTMDO', '79583157280'),
  (429, 'iqpLeX qxuxuUfUxt KYzpFEE', '79583526991'),
  (430, 'pTeaSKMZG scSSGWED LpeKepo', '79455655524'),
  (431, 'fkWyNA BfKwypEme eouQDTbG', '79710403881'),
  (432, 'ADgDcXaIB bqcpft hMaQrsGt', '79875714411'),
  (433, 'BduAWSfU iqZsCYXXt bqAXsa', '79259278559'),
  (434, 'niReOaE QOaWvbe YdvyFBt', '79883756913'),
  (435, 'NbSWmyuP DhjSBt tXIEBybC', '79378099918'),
  (436, 'AunXJcBD xsuFSgSWL pEwoymJCu', '79270595126'),
  (437, 'RSLEZL jASuow bgzUXYr', '79179516948'),
  (438, 'gaFlNRrb fRjhlfa bxACnAGS', '79103971331'),
  (439, 'ySzcdM RACBFYwly wJBYGlYBdk', '79371889782'),
  (440, 'MFJYIDdW PaQjved KQbyKbfZd', '79467580672'),
  (441, 'lfgcjRJtDL lesMhAxn zDNoAS', '79919214518'),
  (442, 'hgAUIu xYwRcJey GtCtNh', '79873645187'),
  (443, 'fPBGPUFtAx hKvNgce xZEuoSSwz', '79142329160'),
  (444, 'rnCmoiT ZNOFSF xZlnIaici', '79602094251'),
  (445, 'hNiEWxSZnv GPNnjRt ZSAFfAwzEx', '79098987341'),
  (446, 'qqLlsTpgpn vSOpjQfEpd ueSLmtG', '79939570683'),
  (447, 'xwPIaSFhC SIxqOCJlWt IcUNCBJEKC', '79734685514'),
  (448, 'gnntcuJG rcaPDooZR CLDLqzv', '79986711215'),
  (449, 'xTOmjomRsv dqWYtZPS iWQQPBfGah', '79352404444'),
  (450, 'xkiSip lCUgPs aysQFttj', '79291141472'),
  (451, 'sryKLk tMtBXDRaIX msEvwyoy', '79245019518'),
  (452, 'ajrrpnGhAv pdvUUU kPEXOrh', '79608598994'),
  (453, 'ikPMRWPw yXMiTEseJ Xfqlizpv', '79921281282'),
  (454, 'xzrNUjM wUUGAXzw vYIFsp', '79393801546'),
  (455, 'xyNnxj sdNGkGGA odqnSe', '79007077596'),
  (456, 'KwewFbnCgF iNxFwQER lTcbhU', '79318925764'),
  (457, 'LOQDLjWjrn ceuKmOFj BsXujj', '79064238138'),
  (458, 'wWUfrx WimxDTBU DSLnOj', '79870032523'),
  (459, 'yPkFDwEyMz ULQAqLxIp mysUQOtRt', '79695472031'),
  (460, 'JxRblRMdOa TsyvjQgheK BnbelNjUE', '79777643046'),
  (461, 'SNzDzlmgSx ToRQAmz YdzafmtT', '79519022093'),
  (462, 'njRBvJC jNbCBwxQ IwTsxN', '79799830677'),
  (463, 'pfGXbIn YeIKgjahCc KUDXFyfdE', '79616495177'),
  (464, 'IQcWYWfyIq gfieYpML vubiQOlZZe', '79189249161'),
  (465, 'JKRXtDQ ZYTEImF xlfgYTao', '79700597046'),
  (466, 'izYcGsqwbX XoTbidXTCq IJhfrrGL', '79104900919'),
  (467, 'pvQnmyzUjy rWYwYAz EuCClGzW', '79277631119'),
  (468, 'wCMUteqgvv lGqbPxc AAXdroC', '79888010591'),
  (469, 'bxJBXeWBY AGbCjp sTyoreUU', '79246353751'),
  (470, 'AeDTjsJ CgKSLIhTl iEoxKvw', '79271437670'),
  (471, 'TpbqcwDa AZjNomiRM ZKGZEeFeek', '79288027631'),
  (472, 'lbcYeI aWCPKRFTw Lxqulga', '79688715904'),
  (473, 'DtkrBw EyXzAaLfsk JeyKLGMjCv', '79922873607'),
  (474, 'NwEOdWZ pEiCeC asoZiG', '79679558738'),
  (475, 'IgLfSMb pTjStYsz hzDntBLWUm', '79786903875'),
  (476, 'NNYGrelIuq kmoSohUSB obKqpbLF', '79307351540'),
  (477, 'UlujcpL slUUcqYLsL gtSlERbQpB', '79085892329'),
  (478, 'fshrSYUWZ RGBqZxGeU noPSRpOdPr', '79183631840'),
  (479, 'uPMbzJfrtK siLiSsAn BDJznGIgdA', '79640214352'),
  (480, 'wzpFiIAM lsRDAL OnrZPBpZ', '79416750397'),
  (481, 'GOSBgB pNeZxqAqUL ISdAqwj', '79265100749'),
  (482, 'KzzSjn YbCKXEkT niPcOT', '79929605245'),
  (483, 'XyiWfwhs dtfqOXO DbFaEKtW', '79802539811'),
  (484, 'yeWFIFLmy vEjRZZAt MFqpUYUaF', '79160452502'),
  (485, 'ihJvOlXK ajanSr RDwtDLxQhm', '79930598295'),
  (486, 'dRkuws hglohT QnrNQPDg', '79469004037'),
  (487, 'LOPgwiYz cbStmMSdqN lbWELw', '79548641477'),
  (488, 'SjFFad XcnmQtxE xrCeYbzY', '79956077456'),
  (489, 'ojhgEGKiLk MvMegZD wPNMXkX', '79778988686'),
  (490, 'jFnaYvMNgM FkoYZu NAtdjb', '79723397744'),
  (491, 'AOOCxaC lxOzzL APYpGwJFX', '79493447744'),
  (492, 'hkAAPp lIEiDqbglx RgphTubfaW', '79815842894'),
  (493, 'toakfkduYi pcthikz nrLApZwa', '79149071507'),
  (494, 'bKRKsaq oJwooSsW NGsGjiLl', '79571277791'),
  (495, 'kSumBFcxj WLOlzwGzMK tswCgXAP', '79295851248'),
  (496, 'PlpEhCStx yhEsqxwIul qtlulvQKI', '79388810941'),
  (497, 'LvLmrY jzBrMUagp AuBzWXMW', '79706487045'),
  (498, 'IMPXuBFE IecvgLx nAzogdcq', '79553904536'),
  (499, 'PbLpJkWN ZXRYJELWvQ rGQjBIjA', '79088359824'),
  (500, 'fudCIEut ybMrDbypOs SNMSfAlLbi', '79991217323'),
  (501, 'KRQTyioBYm EMEfoMmG hQuYXqG', '79066658361'),
  (502, 'LUMImgY SsKUJdQ EmrLbspJJc', '79030821524'),
  (503, 'YBaKYQZtog dUQiUbJS sIgUOFRK', '79422033046'),
  (504, 'XJFCKjY cujBFyqR yAaqtZd', '79300075838'),
  (505, 'IKUDAMv pryRfYcgbJ NksDmFadA', '79246705103'),
  (506, 'gCcniYsYlD IShppADqPw RqxWGxm', '79755747952'),
  (507, 'yciSUUtQww cxcXKGA LkhrLM', '79786689089'),
  (508, 'hKsdPb BTRFlg IstbmW', '79666730982'),
  (509, 'WrRIbMNUWI PutyxTgxsm tNcDijxwa', '79277858792'),
  (510, 'LNKtZBDET cpTcEpu ULJfIesMgW', '79028721151'),
  (511, 'IuYmbRB NThBYwNvIr cUlowMq', '79687642298'),
  (512, 'nWwUkUO qbAExvxu jnerTvwU', '79099849430'),
  (513, 'meLaumAku qlNIlJ PKtcFWlw', '79595589322'),
  (514, 'RQvdzOpAN ILiyWALxjF tnCdvd', '79497615084'),
  (515, 'MdKWmKx clMQMoz eZBeOxCbBj', '79877222151'),
  (516, 'lDDiyA IDWFbGywa LoyXYSSjtC', '79038761131'),
  (517, 'PEMytuGE GThhohX rFpzYE', '79436839702'),
  (518, 'YfGswMhGnJ samFKFT DgZuZOjOWx', '79253367023'),
  (519, 'SkBMYsD wSEZUFPue oQufwvqEYm', '79655677293'),
  (520, 'kbBzAhDIbv EEbGyBFi EdDaYk', '79029979561'),
  (521, 'XrCaRs WQXvmpW KIRGOrU', '79367268299'),
  (522, 'mApIpX XLOpGd paCwumrbEM', '79374173201'),
  (523, 'sUQYQy aYWixh Anpfpn', '79012905314'),
  (524, 'BekSxhc rNlUZcgA NeiUoCpRi', '79373380135'),
  (525, 'WNFbyZB MUGXpYN vBJtZDzGR', '79639922235'),
  (526, 'iaYPzcIu vZAFOWniXE cyXJmzLxq', '79880779873'),
  (527, 'KislURwtL KpdQSQQJGw UCnWEzTcT', '79705919421'),
  (528, 'vCFpoRKcGz XsxkhKrsGR cwhZJiClvw', '79776593876'),
  (529, 'bQKByQ gFRYUlMCsD wLGfKlTITK', '79276064009'),
  (530, 'mwFnCL eutqgwW gigYoJntm', '79622605180'),
  (531, 'yzvfhou SnBkCPSAx ajoBmrSs', '79436939187'),
  (532, 'tjAXAy WEtxbRmz AetTzOQ', '79683480518'),
  (533, 'vGGiotC LqihIN PTOymLD', '79391531920'),
  (534, 'vUvzSj lLGqIi PrDEZo', '79674035623'),
  (535, 'uKlMsqdA koMImgB PlnxyXCd', '79368427058'),
  (536, 'kkKIRNfS yGzIcQMG vRTuSSmrUk', '79491645473'),
  (537, 'vmvlaQN mXrjnWG TSSibb', '79831032665'),
  (538, 'nQrRlft ifbeiU MoTLTrIN', '79500765752'),
  (539, 'ZNaxqTnT AdsPiL QjENEBG', '79800905510'),
  (540, 'CQbxBEL XtWpkBCtC rwFpzDG', '79864810421'),
  (541, 'kQJsqfiBi jFvMsZZP sUciSZ', '79198586748'),
  (542, 'hvbQzmIZkA jANRpM NcvgjaPi', '79424092243'),
  (543, 'xWzYap jyNrIZIbS xlRoAeeZAD', '79654653855'),
  (544, 'KbuiAq dWtFSqKYf INcPXyWJqf', '79509132327'),
  (545, 'vcajwqf xcrQzyY PnQPPBT', '79313018200'),
  (546, 'yMdquaKZ iGnCWZviE vkPwxGP', '79518382149'),
  (547, 'AItwykyKD BITagsUt PfGBJNfr', '79625851064'),
  (548, 'NZsouJ xxIkYO wfAAgs', '79024695905'),
  (549, 'JwAcIdnW lmSznSJmL MzpbhK', '79845583837'),
  (550, 'oEiOfb czsNuDM jjedFJkF', '79348696587'),
  (551, 'twdYuFiiF vJXyhviaP MuzCTnRwm', '79444752754'),
  (552, 'WLjniu RqjNfsgRx rxlpRpk', '79956380214'),
  (553, 'vuhbOBAWcl zQTqQiwiXE RxicYSCarR', '79973445173'),
  (554, 'bhsvIgKD zSbWLd dlprEpFfK', '79282896992'),
  (555, 'QhUzYECfdp xGNbkgmCOj crCnyRMDX', '79578265068'),
  (556, 'FoyjuZ YcnJxqov STSxbYd', '79399915557'),
  (557, 'DCFqbDo xgTCNZA NqkhcNu', '79204077421'),
  (558, 'skatPSWE sIuhAbR qNOTLtabem', '79544497558'),
  (559, 'PuXcMcBKwK MXJJegza PveNdBP', '79529204922'),
  (560, 'JsNhDguI nhhEfB QBUhiB', '79726520898'),
  (561, 'KjpqaCyAjU dKgQNZrEmR yPxqUXMDK', '79132058311'),
  (562, 'spDgfRtSBw jUyyjZhahy fgzTGuy', '79973592813'),
  (563, 'JuqgRXxXwl MNtppWpncL rCEevJvlsq', '79084295164'),
  (564, 'ueOlCfj EncnilZuU FdeMDhF', '79439783158'),
  (565, 'ZEeAJQcCK aTbgpIq ZEuZcbChRg', '79499973591'),
  (566, 'PkKWAgogu vRnpUmOb WYAvYpp', '79353626253'),
  (567, 'iuSJfFYy xZLgTLQi YuaFxm', '79013793674'),
  (568, 'euztUiFY mDSTuZMkGK wDhIUvdJmJ', '79539321142'),
  (569, 'pXGUOZcZ pgRrXCC ZKXakX', '79977909875'),
  (570, 'hjytFAv XNmUwumdI OrvQqKfZy', '79937596192'),
  (571, 'buuMbWSbA gEXGQbCz zFbCOD', '79950431896'),
  (572, 'roORcDD BUoiNmmAyD KUftoItqk', '79063901975'),
  (573, 'esWrtMuX dBnAfCl wLLwplUF', '79770660078'),
  (574, 'GleumCZp cBBOKUC oYMxJaP', '79888159803'),
  (575, 'LABkJUNv lWbeDSzbD ESqwDKrat', '79790612954'),
  (576, 'xxYbYC jocZDo wZvvKLrSZ', '79865509050'),
  (577, 'GsKDzBD xYMyAC YruojGsX', '79814958773'),
  (578, 'JGKcIBhnxg zbzDCJ NsoSgok', '79409074180'),
  (579, 'TztWmeBNyO GsyKMdPS nWMcwdP', '79820806430'),
  (580, 'eeZlqWTtcf tTureocJL LKfbvqJkAC', '79791206575'),
  (581, 'UEIdnCsUaF yclzPZx dOhpIjpa', '79155916952'),
  (582, 'FYCizhvt yiTuib gYkmYCp', '79724230846'),
  (583, 'EDUjOpTqFf sWkGkCn xhGUaGmyCL', '79958535978'),
  (584, 'OTzxCCL cMNEtwLEUR doqlJfWi', '79143458995'),
  (585, 'luDQoASrU xLsDbPFb ziZDlmv', '79278927665'),
  (586, 'rmwBcL IzMTXKR SMIwObmsIL', '79787149667'),
  (587, 'SdOSbxbTZ uxmFWPoeeE TbRzyxtkL', '79793686566'),
  (588, 'DPTCJgYcnf uadeXvK ppKNCK', '79757857043'),
  (589, 'yGdMsf pcfZiNwE QjOGgv', '79112619123'),
  (590, 'vsnpiDQE mvanaPfCQB jhlXxj', '79797933812'),
  (591, 'JQKXAPXa dlCPlL rclRNJxt', '79568605985'),
  (592, 'XhMOJQofY PkgsGpIx IsJdNhDLB', '79460533967'),
  (593, 'nimdKXPNl XMKUlK BiidQdk', '79668744431'),
  (594, 'lrfsow jcxAYZUNM vGQrpKFvQu', '79131484143'),
  (595, 'nujPyAzW RTqdXDsCSl vIhfNUE', '79136170138'),
  (596, 'SMGyrgYg strhrmdL CRhkwM', '79255379400'),
  (597, 'ULrJWrMA tdzPXds rmjBGN', '79699428384'),
  (598, 'fkZRPepFM FXZzNkxFYX ZWuqGR', '79010229529'),
  (599, 'GmymWC lFNRNzo dWEgAYAc', '79578226716'),
  (600, 'yulUbDUoG pQhcxtW oQtFxAyrC', '79423768444'),
  (601, 'iXPJcfX MWrmBOwOl DoNqUMRgGq', '79185674627'),
  (602, 'JzEkTgfsF ojDQuYC yAomizLNZ', '79680624989'),
  (603, 'nlwrutDi qlvYoP nilmGP', '79916129079'),
  (604, 'zLhCOWlmak NlojovFU JdEedCNS', '79016931558'),
  (605, 'jYUhwAW ydsLvIuSxB uMjYXPuqoQ', '79044544078'),
  (606, 'jQRGoAQ NgEnvuWjQL kdSccCwdy', '79144182181'),
  (607, 'qgkPMeJmSl JGKMvYc MThhJet', '79927456360'),
  (608, 'hKbwAn QPEzLepmwr rCGUlUQRkN', '79236758576'),
  (609, 'jzvoXwlU zUXestFDp GCzZjDnj', '79736517009'),
  (610, 'puElmzuN AAZRKtx vXYcogm', '79466078182'),
  (611, 'TLTqxXIk RfXQaM fOsyhG', '79315429725'),
  (612, 'wihOrWrM EojAvwhg xcpKjGcw', '79658707465'),
  (613, 'XqOmcA maJnvYT EOOzZxsPr', '79413596680'),
  (614, 'bttUJuqztD UdxZWIp iFCLCtDNiO', '79876104018'),
  (615, 'QOOELaDceI BicqLNvu aPgcvb', '79472526476'),
  (616, 'iNbsDCnK oojmYgAQ amGebq', '79171513232'),
  (617, 'WXoxUv zXTbcFL XLyJkX', '79549432564'),
  (618, 'PhXjvp CUJWDbuRlk qcXytspiP', '79904653173'),
  (619, 'QQmjKmWIs QMFEBx BNntZFOimC', '79012641093'),
  (620, 'uUnfkA PEjmPTK LLPzsqc', '79416408673'),
  (621, 'DvnlGT cCIWBOkRi sCdqXvbq', '79473983996'),
  (622, 'fkIECv rekaElG wUcYya', '79651860188'),
  (623, 'UKwYxknAOU cvoTYBPEWq IkwfKTB', '79915326708'),
  (624, 'bYBThXMX FvvaOBXD XmyNap', '79869703986'),
  (625, 'xyWPTs kxPfyDQci sjXRtl', '79032467353'),
  (626, 'imBqWODw ptlmgjoDQ DEhiBjOx', '79454248080'),
  (627, 'tsZsihx GAIYcnRROW MtkwSgr', '79531537567'),
  (628, 'MbBQJx KwygZQ iXLZefhX', '79599980410'),
  (629, 'SpnEcrsN QLzwPbs dPGfiDwv', '79135448170'),
  (630, 'rdhLqY IGQSrwOf NPQpLndTK', '79258302982'),
  (631, 'lhjDiyxa JQzbcvEaJu izGZbYCS', '79621827842'),
  (632, 'syJacWbdY kYodar kNGYpK', '79743721045'),
  (633, 'KkBCiAmrL nURmFlkyd vFJUZkP', '79272192675'),
  (634, 'oKgxzIMOk NQlDWSOt mtiJUxNmdg', '79315960962'),
  (635, 'lgbqTthxe avXfzZEu CcgyzgSPP', '79136658757'),
  (636, 'mcgxlzSPG FPEZTjvKIk IvrZzqApMc', '79765239111'),
  (637, 'jUFtIY FhNELfAQY aNAUJznN', '79937230124'),
  (638, 'YUjnWIfaGt hetlQoKdiM WwYMxb', '79505786966'),
  (639, 'Sfxtum TMJYdXOsc FjDOfEBJ', '79515526638'),
  (640, 'MUZnNwbqDC pdSfrsASx TLlNpgfKc', '79913014241'),
  (641, 'JtcKhWSM mrnYMNhRrl sgPeIlQuWa', '79029897239'),
  (642, 'dYJCXz MIiYTTkp kZwrTJbLiD', '79461996511'),
  (643, 'MkAgchOQ NkkDWwYak vGZBWkmaRk', '79351456662'),
  (644, 'MxPQmEOzN daZedZb luKtlyqS', '79281607160'),
  (645, 'aMyuyfuF BSCYJxhq IDeoSuJd', '79663005487'),
  (646, 'GeLCiwcwaL lMNQUQreP FgyAICpQ', '79645684604'),
  (647, 'dLMikddQ tvqBAlc xsCwdrtToh', '79745282042'),
  (648, 'kbpyev fkxhsqOeff eaOXNPW', '79748175939'),
  (649, 'bwRaxdDR Xkwvyszq cJhBaesM', '79244197141'),
  (650, 'pMItdiLeA cSYpQMTQfg qXSpWext', '79383800593'),
  (651, 'jOhlCkWSA BOjqOtaC BtIpjlY', '79225604862'),
  (652, 'ttfjGt jJKiIQ XeDsIO', '79781867105'),
  (653, 'TAKiXcCu IoAPMut ADDDlFEL', '79890395718'),
  (654, 'dNvYebx SJlCekFJRq LpRQcNlK', '79805761330'),
  (655, 'kEMMhv Jngylb glUqYajNIu', '79154827041'),
  (656, 'PLlEYCYvy nmbiAO LJjiblc', '79607825526'),
  (657, 'zsjcerKl YPYEkOSA yIwxqZNwW', '79454990848'),
  (658, 'kFjFeSO IdZfpOGlh IZkPhb', '79975930795'),
  (659, 'wigDytey OsondiL ROcvvZR', '79892059762'),
  (660, 'udcWSBqYFR hJEZUp CoiFbx', '79914377462'),
  (661, 'rceLCRwI fbWsoUWKML ccMSCQsW', '79246564884'),
  (662, 'GgGKin JzsUfLQz XheZcUt', '79204840965'),
  (663, 'wPqtJwobF oCqunQGQi pjZZglD', '79882488836'),
  (664, 'hdcjPlsXJD qCSkvn oBuzfxeyq', '79301809552'),
  (665, 'sYhGmiZP qadMXddSr kKSiLbeL', '79658258399'),
  (666, 'jjxyxwkXkm KkfZsvDlvh mmjoEaGt', '79764829166'),
  (667, 'qGMYJJPUp qJgyCPEZr qAfaTPm', '79520423931'),
  (668, 'aXCLeSDO GRcuCMnekz oEMzAJTtqR', '79099178010'),
  (669, 'dDiLblmhC NyxlscM XFdpYgTUFM', '79853820717'),
  (670, 'xosgcM NpnFOyv wvoLWi', '79007219884'),
  (671, 'OBREmS jkwvOppvCP PvPrYU', '79036716522'),
  (672, 'nmveyInEq CnYAkEgDmt FBlvvmJtvE', '79120004601'),
  (673, 'YchyKQ NFiwwTfMFX RgKzMJjPgt', '79575987000'),
  (674, 'bXPSSrEC BsgShMRIsR FfdiJJM', '79880688930'),
  (675, 'uSfeeUvaQ IIqKKWbkR rrTeyJU', '79610305878'),
  (676, 'dFMxeKtA NeEnNrS wOToFrsO', '79313142503'),
  (677, 'xYyicG JwNqjJJ TpomJWgYy', '79636468529'),
  (678, 'PCRMSy DPGZNmvxs LswAoODWT', '79884050014'),
  (679, 'okMBzNW rxXEyR WweuLJjyI', '79562601791'),
  (680, 'xaZhGwkpo eQpzPupa dZcEWJKe', '79317054085'),
  (681, 'dnuvgKs QufzQm NnJMXRYC', '79197496554'),
  (682, 'SnzQUvd mMwOTqccN SpuRgvp', '79791702062'),
  (683, 'rafIRgoYn vdbgvP zcWDaTYMqO', '79329208130'),
  (684, 'BErlizolLT ZIZDApeQ kWZqIzD', '79633765560'),
  (685, 'oFKewLJl EYnoeAfPM ocTfbnEWf', '79126803564'),
  (686, 'ekDkblX FokTnAFb qbjPQSBcS', '79427592206'),
  (687, 'rGsGBADQ qLhTXxZwM pDXobTl', '79955814579'),
  (688, 'YKxoIw IsjOIt raSwzoY', '79731610374'),
  (689, 'LyIvqwb IOJKRJkPvs KWFFudYl', '79806914860'),
  (690, 'xKyvdDymKJ wOPvccXp IvCZeEQFs', '79591067004'),
  (691, 'SAPmlJIbSK Qifhvve RzxMsCUmRi', '79230816142'),
  (692, 'mjgKoS lYFkCea CRQnWO', '79622579621'),
  (693, 'zfGuBeSR ZKRhnDTPiZ DFgGssQjn', '79609375800'),
  (694, 'alJnJoPe fEkwcCFfbL PMNKIYDj', '79584804674'),
  (695, 'pAleZcKItk tIBSMSLKah GDUvbJeAQ', '79809407682'),
  (696, 'TykLmIde yccCzBMUeM NRiODWB', '79587775809'),
  (697, 'XJgWYzioNN ZoffwBPF CwPPeTDlt', '79833873986'),
  (698, 'EtQqGDOlo CiqwKM tpUXdJDT', '79199104011'),
  (699, 'JsgrCxU neWaYYWFS UcbqeW', '79434484060'),
  (700, 'GDQGYq fDEaAoPWxS CIEuwZS', '79968930693'),
  (701, 'NYcIBlWOtE SvPMfiI GytykJFNI', '79778739592'),
  (702, 'hmrmCqB rkaZEB RwElsq', '79415528600'),
  (703, 'obxdCSk jYAtrDjbwu qYXfciy', '79623984643'),
  (704, 'uxIytMF vyYhQCzwIv fMNwbfFew', '79928545767'),
  (705, 'cyzBzXXbz zZuWvr TLJSNJU', '79721105044'),
  (706, 'UQGMKxauFc lPvwCZO KXlgKanoU', '79174954067'),
  (707, 'zOOZSC cuCWbMKct LEZaxFQsUS', '79524349827'),
  (708, 'dIPPmWo nDpEOX ZOnZWxbwZq', '79854805353'),
  (709, 'EMAeogwbu JokAjFuTMN FgfIGW', '79761910517'),
  (710, 'ZcLTdXFeKf RCGmgAp FZyWKEfX', '79389604253'),
  (711, 'BbjYau RZrIEaTK sOwZhtQpWz', '79094002747'),
  (712, 'sXDqwW mtBhGvZtko PwPMrz', '79727817403'),
  (713, 'LcKCsi fctKSyytR IURJsWht', '79466128085'),
  (714, 'tjLGplTX ctWPpIMi rEaJEWmW', '79253602250'),
  (715, 'bLEgoywpNc EpDRNinKe yPNFupB', '79640598152'),
  (716, 'zbOYsZeudT CZOzeRN AojIjDqQ', '79379088650'),
  (717, 'XDumphZfr sZdwnvSth JYPUTCfwkW', '79758587994'),
  (718, 'uIWtnuRIWd yyvYmkcn xKyQkC', '79427904110'),
  (719, 'QRlYgQ aTWGqN GZOfYPnK', '79641310337'),
  (720, 'snjpnJ KouAnvt QNKELjaM', '79282646561'),
  (721, 'pEsgEglLy xjUFBYP Tvasrg', '79966293313'),
  (722, 'nbYTRJRdm fxPrjai chtRZBYQD', '79214826201'),
  (723, 'iusySoUajy WqDqnd CCPUAnDvDN', '79905668118'),
  (724, 'CvgyBEwaz FZzXkTUUsJ vttIvzgFG', '79630043596'),
  (725, 'yRrEfrOxn NMqnbWvm bckwTDDJ', '79142898945'),
  (726, 'liFvWJx FAKLYQrq hMJcEotwu', '79133593859'),
  (727, 'yXQsvG geoScJKJ OFapEusQ', '79611465913'),
  (728, 'CLbXPFLu XvDwWQNp lyyEeYRig', '79387283629'),
  (729, 'uxzXNwSSWg YmgLUp FQgLaMItMi', '79591681162'),
  (730, 'thpfgPZfRO cYhKGzakZ ZmYYWNdnZZ', '79607421024'),
  (731, 'zMdlZvDlb SLpFAIegJ XdfMCxJNx', '79373415538'),
  (732, 'IuwucBOIs leoAYXL JoraKEbnz', '79538319687'),
  (733, 'qnDJTvjW GcaqrMaTj YZTfOZ', '79994588887'),
  (734, 'bvSzQkZhx ukUAFhY kYQnGL', '79651558008'),
  (735, 'FGZOKMu lftlqu JPRUlhxIu', '79006292415'),
  (736, 'JskTBdb ykzuhcsOrB GsxYwtN', '79369146628'),
  (737, 'ZBcQYRF FKwgwpqFK qYSieFCZBN', '79470485161'),
  (738, 'cPOCbktMh OryoQiEU hysRkQLkhI', '79804534578'),
  (739, 'rzoPPB RaqxxOv GmzRul', '79613198146'),
  (740, 'xqXRzY EsmFCkv mLcuNeN', '79859507585'),
  (741, 'TkCMplDkOj ZhDrMQsI uKneuim', '79525444316'),
  (742, 'cTEezFptK PSSCGMcna AIhUds', '79941501332'),
  (743, 'wSWDtrvv aBoWRSgZp jCgBbvEo', '79011204135'),
  (744, 'hJqwMziZU uUbBJC GdwUesg', '79363596054'),
  (745, 'pvktNzOv yvChaftJ REtWKZtgIK', '79171259870'),
  (746, 'huQNzwBky RTzntI fXoWhdal', '79726114897'),
  (747, 'heNrpUddg wlDWDx GsWotQcY', '79232487731'),
  (748, 'CZsKjo GXssUeRBCJ bzrOmD', '79040107343'),
  (749, 'tQlTcFBj ZzAqGjjE jUGEgJ', '79492387179'),
  (750, 'hkUkApMPY FQgSuNLlD RkctesbB', '79432201672'),
  (751, 'BMZciJ rbLeeDEecn YTPUdjC', '79504713753'),
  (752, 'cSCqzOsgh LzyOmok vTkgIGN', '79743838819'),
  (753, 'SEkhxhozM nEKcGzWj yJshZzaWb', '79260418007'),
  (754, 'oGZjoK YvawkXNUj qBIphYnsSp', '79231630562'),
  (755, 'ElTPhjoq WADXkYjwKa DhIEwacbx', '79630584515'),
  (756, 'eivUgtnh hsCxwwJ GuADLzBqK', '79440634227'),
  (757, 'pjrFBDQ sKqpKxq BZFcgFu', '79544449260'),
  (758, 'wktdBsM qPKUSg bsZkEmPceh', '79016859868'),
  (759, 'QItGXxlQX XtRwwnXy wYSBjIzmc', '79207423862'),
  (760, 'vOxGOFM TcYkRZ rDekQRKYeh', '79534306150'),
  (761, 'fLNTsxpDFi DEadGrv ZLIInTdI', '79530361355'),
  (762, 'zaUgkQR TdQMeEIpSq dXxRLCI', '79029635873'),
  (763, 'xdyQOyI GNMmtSQWEK kgYhaF', '79701968105'),
  (764, 'NwqKIZ ykgUytOoAW GkTqszieFI', '79852814388'),
  (765, 'TkBnRYbRD yiuTuebm IiPOhpcw', '79086969476'),
  (766, 'tRncwUsh oEbyBoscEJ OnUAqB', '79518868478'),
  (767, 'dYAydpRn ZctUtkPp ONRjCCieEp', '79387919058'),
  (768, 'ygkWoIFiAL KtkPnp cFukJGpKw', '79526467187'),
  (769, 'eLieXcaC zAGoZFJih dowBhWu', '79972461574'),
  (770, 'SqBMAUDkrp sxTWYjNK yQhImcb', '79456236350'),
  (771, 'OgWZDZbGId BWTeXh AQmsIbaIm', '79995027773'),
  (772, 'qvCYpBTyb jbPTAdh DljWICTWb', '79962808748'),
  (773, 'vRyEmYeted uUqPza cicxiBbf', '79301921934'),
  (774, 'hfblWxqNoN FDlfnTA jaGWdXLAzF', '79690799767'),
  (775, 'iJoKMu vhGPCiyB OAUMKrQy', '79735311586'),
  (776, 'ymQxNDhEf OcnoydhT EbsimpvrmG', '79564998873'),
  (777, 'LygbGLZSOD ELxXOIwpM PSNdwkniar', '79077826725'),
  (778, 'SmRRjJ rEbZFkMvs WRNrSeUspa', '79954894632'),
  (779, 'OWzmtxGw BosKZUjTjb GMQPGSD', '79677540565'),
  (780, 'sIIwKg yRzPdRfqz IkOWch', '79469314939'),
  (781, 'tbyoZGM GeRGzqu xivZWaD', '79598503419'),
  (782, 'fsqDCZLfsY jPfnvXC KpEinNCJg', '79990242382'),
  (783, 'UiksebnmtF BLEeohueqg ydseRtvWjZ', '79442104601'),
  (784, 'bTGdxdC ZDnBDlzw TAdDQa', '79238109498'),
  (785, 'BWlKeZIGD ISSZBCkC bmeQAzveEp', '79329362028'),
  (786, 'BEjZpsRq oyWpeo aaOPKLNxDT', '79100249972'),
  (787, 'dRMKfy mgQJWcno tNExiwb', '79321960462'),
  (788, 'fQKpuSWdr mbdQeo xobnCNLTP', '79218267204'),
  (789, 'PPwonDgRE mgNknlM fqNTIOtQS', '79209879082'),
  (790, 'wXwfAnhcZm XFjUxhpPA BeDgFa', '79383642624'),
  (791, 'JuknEsgui fBlgfL nhWkAom', '79582771990'),
  (792, 'souyznOaqU BDOyKJgeWI FrjOfDDAGF', '79635194332'),
  (793, 'UXlgIk pvomvSGPN xlmuCzdz', '79119754030'),
  (794, 'yDnPzkiUUC TAJgBhMy FkqOLygkP', '79994508863'),
  (795, 'LBsprcFp nToEebqF mnzTZspbQC', '79958309591'),
  (796, 'EgLxAKa AhJnUWA ugJawJl', '79922452115'),
  (797, 'YIQnnbXWCD sQDXJf UlRPgh', '79568239210'),
  (798, 'hCTANLLQas uPZMZCfspv lsJmmjkB', '79473265563'),
  (799, 'gqdpYUibBn GrEhgMYNO ulTEjdQ', '79215376582'),
  (800, 'MfjbpExhQW IYERxjsZaT GJCsKon', '79310619626'),
  (801, 'LSPLtOvpw nNccvGEa SkwCZpTd', '79485474124'),
  (802, 'gkMWjQtOn JdFzqGWosK GCFqifsIi', '79123295999'),
  (803, 'oiQWRLqLgq BPTRUUBQLa dDSSxXl', '79858020494'),
  (804, 'dCizBPn qOtkiFejX XOhJQD', '79232624134'),
  (805, 'GymqhRnzdL ZsGGvGh iBZJJI', '79108410366'),
  (806, 'DElzUwkwkI ImkslmSK PiRXoC', '79962890165'),
  (807, 'SzKRuqzfq TxUzPSrD rwNFhQiTv', '79839133492'),
  (808, 'AtERpe trlvGXbUN RxYvkeXfNK', '79408432718'),
  (809, 'IWAaEU LAfLBDF jeYKIh', '79563029344'),
  (810, 'DeiYsvLDGo qlSFheLd mZayPxiocr', '79829818561'),
  (811, 'aJvXhQYi LDzBLeFZq DMTwZBZUs', '79351530861'),
  (812, 'QEnoQpMdT MvDnUWpzg ItGUPIkwT', '79116754225'),
  (813, 'xynqBJI aIKXgxLux roldJcwD', '79766270899'),
  (814, 'haBxkdRaUa wpyPJRDeSt PiGtGBKTLb', '79825196750'),
  (815, 'FbgSBkoCjF sBQnFJc cBxnuv', '79103133190'),
  (816, 'oYWBgfxdC LqvKwaTJ MIjsexxdX', '79207450332'),
  (817, 'vJujeRvZ iPZSASRQei etJesAFOsK', '79460283097'),
  (818, 'gfbwuvR KnRkQuoj wEWfGWijD', '79526712000'),
  (819, 'nbUbBm tssyidnrP KQROioOd', '79340479331'),
  (820, 'PSmXpQR ORrwUgl LXaFlf', '79431896917'),
  (821, 'NkvElNRP iCrUadid rdnqjKfgG', '79529404654'),
  (822, 'ylzfXc xSoCdMTOu YDBvIcdwlR', '79064660779'),
  (823, 'PlkQlqYvyU bXyqwA OjDbydsfG', '79166617337'),
  (824, 'oinFTv zZhajDo GlEhCxxP', '79196793948'),
  (825, 'CwvkjcFf kRNttT raFlkCo', '79458353325'),
  (826, 'thmykxBo volLzG YJjefDAKpP', '79284975736'),
  (827, 'kCvMXe mrTOzf GxdEonPO', '79447667662'),
  (828, 'YsYqNkOR viQsdt eCKbiedx', '79142095817'),
  (829, 'eIPuWWG lpLqAs CdgPEarkIk', '79113243420'),
  (830, 'EoDsEO ijAyQeOYbF BRAIeUUcK', '79081650637'),
  (831, 'UPmSfqGevo iBSSnja iugrKS', '79103476103'),
  (832, 'BdcnWRU tIYeKimXp rncjtfab', '79198143660'),
  (833, 'AGYuZTyAY eZoWTFCrM LNFuLlM', '79415905389'),
  (834, 'tJdZdvs PbMRWSAi gJEoKvcu', '79224848026'),
  (835, 'oAjIrJrb ZhLQKsFyJu IWFJNl', '79049647077'),
  (836, 'AyTtXktZ wrrlfw NpSSdeBwW', '79686885366'),
  (837, 'dyGjKCC uvZnGLI lrSznz', '79743799190'),
  (838, 'foNPOGl jevjnSSn DzEgRwBEa', '79285517800'),
  (839, 'twsupJpzoZ sjjMoMXPh AzcnyAr', '79927173715'),
  (840, 'CLiLENLn doxYNxgS KZvrFj', '79649806482'),
  (841, 'RfoXpaPtL lOYOgWzTA wiXAaFkgs', '79583770759'),
  (842, 'XrxfKYcyv qAQNjXBvQe CgsyAh', '79063982778'),
  (843, 'NUemLIljE uAZgoeehTz QJWZXyK', '79659161173'),
  (844, 'zkCiAYAX TLARLxzCz KrsbEu', '79439353165'),
  (845, 'wPjmRjm swSDPFwf wlfqmLRnaW', '79600653597'),
  (846, 'hRlsCc QemWkZQx WCtwkYK', '79053589148'),
  (847, 'wGMLet kDIiSJdvKG pocpAPfSkh', '79675424378'),
  (848, 'KUPxEX quXKtkfq JdTdxYyi', '79930819109'),
  (849, 'PrrcMY cKGISTRoNF caATcLOYr', '79463018260'),
  (850, 'qRIkhElRBY mNqOoaNy pbtXfxW', '79421401132'),
  (851, 'KbnJTxYJLj mPbZAXsZ CodYMo', '79629756021'),
  (852, 'BmEUFZxM DqqTAexjO QclvbhUIb', '79215227580'),
  (853, 'IxOeAREzs pPwfhzs bPiiCB', '79041721309'),
  (854, 'shdgSTlcxp gRKtoPWE OjFBTbEhdT', '79903733092'),
  (855, 'OydCTpEnKm LgKnEPzis eyoqClL', '79340227491'),
  (856, 'SrjvAi gGUspA SxTDBeih', '79429950460'),
  (857, 'JFfUtUf rxLGpyasIW upXoakDfY', '79220790737'),
  (858, 'RvkbqZXKo NkXatMgMZ IUYjJclB', '79922947745'),
  (859, 'ZBMCUF vyyvAa BNKpZv', '79794294817'),
  (860, 'QSckikB jZKMvak UDYnXBpuNi', '79948725452'),
  (861, 'lpUzDYTKOt aufKLtScD ilusjd', '79694051648'),
  (862, 'NQRDBYpEbO NyNezOKsww XnLAYLA', '79015955476'),
  (863, 'YIcvDsNKx adgOhOL QPPpcZJ', '79821480836'),
  (864, 'QpceJxy QxJGYeST koBWfvTM', '79654974225'),
  (865, 'mmyMdawvoN waxSeIXOya uvFZgjkBu', '79940505318'),
  (866, 'SRWYbn Snpvxtu wUDbGxtMb', '79522478690'),
  (867, 'ZxEZdJSd bYuKKn CkTkYxrX', '79939895502'),
  (868, 'sixpWlDFWk UlxXaBQn bsaLvkXpCG', '79253701169'),
  (869, 'LbCZqzmyhs GkYYjIg KFPvUW', '79584427935'),
  (870, 'yWixzWLc leGNkFy buLMhtdbU', '79724137257'),
  (871, 'QjhpcnqB wlqmAiDqZK krTFeQvY', '79339564769'),
  (872, 'ZAbdec eujvAy LtGjPGY', '79396789600'),
  (873, 'NQgZgNimij hPLvjfA wyUwZkiOvv', '79579634952'),
  (874, 'pUbtURkB FkJyCUY rvMstsdk', '79663367404'),
  (875, 'ZoeZLshRGf QgMQlwm ksFbUetyo', '79958240156'),
  (876, 'oMoeINjBT QUCLoobxiJ jkbJhOmz', '79321179744'),
  (877, 'jcCffTJTl CsBsFNb WCArcXv', '79067425504'),
  (878, 'sPoAvTYXh YDJOupGA fDcQxgIPBp', '79665936214'),
  (879, 'wMItkPG NwLqbuZsPX NFPMmDc', '79463409126'),
  (880, 'kQSyoe IvtDReY CyySrhClQ', '79154904253'),
  (881, 'TWGZFtfJn ZufoKh tuXSKdU', '79728124345'),
  (882, 'zAliEeKL ItApWvYqZx TGRYewyjK', '79644340224'),
  (883, 'QmmoqQmW bEqfhwiufn FdhySl', '79347933806'),
  (884, 'DnROUZCwPs woBeuBn tSXRiFq', '79479964860'),
  (885, 'xnXrhRpfSP PQxRJwOcQb TgpISuzAMP', '79156561178'),
  (886, 'hqsaKT JXyfdxOgPQ vkTQWy', '79107198545'),
  (887, 'QwYonhesLc wluTgbU EZyYfNtOJ', '79709697803'),
  (888, 'KjTbWJs XuNCCKuwAa SzYTRmtl', '79078476220'),
  (889, 'tGeMdJfGM jvtqjtg snSKPqedSh', '79992477123'),
  (890, 'YTZnDO qtlgxRWAh lLqSDkZ', '79915394790'),
  (891, 'yBFBaE bFNwRfookc USyntxKu', '79748901334'),
  (892, 'tYBgYgOP RjvXICAlj eKthbbsTaq', '79558697628'),
  (893, 'cQpjnWuyRA DMvwJxOI DKQnipYIln', '79018287131'),
  (894, 'JiECMp wTPksgvjFm SDkkAn', '79631916915'),
  (895, 'BBfofaYbyr kgnMCvd UpQnjz', '79168854497'),
  (896, 'tXDYKOyx gOXERYlZ NSURSjwjB', '79387379176'),
  (897, 'cDfGtPe aseRjJle oUTLTfjGX', '79861669112'),
  (898, 'doTcmnnXm JgvNTfr GyNaiS', '79314549764'),
  (899, 'jRtJtYkGp tbtEyu bCScAEB', '79964011453'),
  (900, 'hqQCWRPBSQ IZKrjjQ PdPGNR', '79273145302'),
  (901, 'MKTIsobYfW pzUNpxE dMmlcFxv', '79472562957'),
  (902, 'dNinah uuofTzJiNo qTmDkX', '79748795917'),
  (903, 'XSGtZZiPa JIvgzt nxbBaK', '79881182732'),
  (904, 'KIqrBx GhLXcFEPK WrmwGEYe', '79571925876'),
  (905, 'dwoJJYu clKfnOBJ lxNjtnj', '79642900394'),
  (906, 'KABwwZ PthRnizP kGcKGf', '79897142567'),
  (907, 'qqhRZPosSL uDMzYX jgmdhiL', '79984141929'),
  (908, 'QkDhyTOyl twmgRCmXs GvUXme', '79670262063'),
  (909, 'RtPgwpNRD wvkXQCPkK hibXshWsi', '79064418267'),
  (910, 'jgxgsXn TLWbkGAQYI QjfukWitsF', '79629613831'),
  (911, 'jCxtMRbmUw DFavttoGp lNQKbUG', '79492177385'),
  (912, 'kkdBbYU MdOeXnK AIUcfpBhPM', '79630278526'),
  (913, 'bahitCIiuU fWrTsggUyU EjmBtc', '79639454666'),
  (914, 'MdaMJUB bCkGCahCro vsvZca', '79700065530'),
  (915, 'XwcWZZ QsQcBXOky udgdtRvpM', '79283413710'),
  (916, 'DshuJJDd Kycwiy xaiUQqgz', '79950064566'),
  (917, 'iggDyn pebLSWhd DKTcLS', '79720707994'),
  (918, 'oPMaIhAPIb ORvPeeLZMB uxTsWEDxS', '79740096337'),
  (919, 'rNENuxXN JdATXWsEmE iJjskYKNbd', '79137092758'),
  (920, 'fEmnZEE jPMiEZpbtF EzKEtZegq', '79374935739'),
  (921, 'rLvCmobpE PDheQvOk RibrFE', '79901193824'),
  (922, 'WWcQgvrpEi SkZGeWyzk EOemjEbmjs', '79374831094'),
  (923, 'lAgAIo DYMbQaCug bWUEQpwc', '79576314556'),
  (924, 'YhkGXe UMmNDD XzJias', '79708016156'),
  (925, 'tteQgWWZ JULegGtT xcLhbhYkld', '79970638834'),
  (926, 'TgChGryTY OqYOJSFdK ArXrZZyZji', '79717715028'),
  (927, 'ksnwfXtRuq NYcUdrTc JEYbLNJT', '79196022604'),
  (928, 'hniaAok CbbGvhfP ooOBeMqsMC', '79737551075'),
  (929, 'QndgNfNtx yJOBKzQn AXcDnMZmEn', '79851668426'),
  (930, 'XEmaQbYWDe hQXgbOksh NzOawBOXO', '79278241428'),
  (931, 'XNKRySGQj QALPKX GdiXBtwQW', '79470422517'),
  (932, 'sJDbZNj IDvAgeAjOi hQlrltiO', '79106232345'),
  (933, 'DCXjXltmfA iNdhXxZxc vjZiRZSj', '79547765045'),
  (934, 'ycmtzMmnO smhMgPn xQBRqCuKw', '79199053248'),
  (935, 'MrxaYFWkE wLjXGOJ pNbvOBWauI', '79354648655'),
  (936, 'WaDWNKfDaJ kzcNbpQRo ejrvZKl', '79772372747'),
  (937, 'PJtjqYEe iYMRhi OjgTSiN', '79917035078'),
  (938, 'DuMrOxai NwUTuTkIS NELLpFcuFm', '79631573742'),
  (939, 'YMMOgwqIo oLFpGF OhqugzuJsS', '79861178260'),
  (940, 'nYxNpWx bONCMS hKpKSLmg', '79516539128'),
  (941, 'GuDhkOoKeF YBxDrOim SSNzaneDk', '79998471580'),
  (942, 'eEJzLccxN iTwEzTNz qDxUXb', '79699252530'),
  (943, 'CNwrOx fqwuqvT GCmCXag', '79502931391'),
  (944, 'roMghRYGqT sUgksdY umUAXtnClB', '79458219645'),
  (945, 'ANNugX hwEmdUCaLk XryglO', '79684307556'),
  (946, 'cMsmJYSAi RRPpwiW pMQCuETGf', '79150182186'),
  (947, 'wPbbwGW orTtrexM mFPDEa', '79003714644'),
  (948, 'tRynJo wXGhhkpZD upBgmWB', '79829239873'),
  (949, 'MhLuFD pStvUKeXXF KlEtuZfvX', '79301334328'),
  (950, 'SskZxPA CacvCTJlU wLozSLDaQ', '79167777945'),
  (951, 'KpJZcEhun rYaUbwbxa iSeAXZYh', '79024085499'),
  (952, 'XSmQZQybas CTYuqGKeSm tSwlGEAwAI', '79087592181'),
  (953, 'OggBtswOFj zoehQugfz pnpKwuTZf', '79435972910'),
  (954, 'KrKxdxanjh kpcTaidmzj EdYBqqKE', '79416548468'),
  (955, 'QSObdDeqKM LotKuhn xfrQMfL', '79247079545'),
  (956, 'lMLpcEh sERfhszJPe JeYouIZTSF', '79796028186'),
  (957, 'KIkexQzhFj aFoxua iPdPmvZX', '79350540198'),
  (958, 'DsUMvSucR hpJOZKW xZPhma', '79249485005'),
  (959, 'irleWCxkf QaigKrLc DhtbDikMQQ', '79784674135'),
  (960, 'cBPzSa RsMWsne AGFpBugvS', '79675786210'),
  (961, 'eezYigUiT kdpLEvnv nQnJQjF', '79008289847'),
  (962, 'unIAPz pKyDeZL aoQdqWkS', '79523991633'),
  (963, 'jvGtdRXsrn BsdPrcW ygBmSmoL', '79350950502'),
  (964, 'gMsPduSu OJQgBoC fGpGGt', '79853550280'),
  (965, 'WEyPQBsERp IbThOBLQ joXWbn', '79630963346'),
  (966, 'xfXFSaOww rmowYDcW fSUpoySq', '79857814053'),
  (967, 'YlQjGDbCs QwFWKdTIo OLhfOS', '79798100554'),
  (968, 'XLTEsq wpsUzKehPj XYZlBERlN', '79157067504'),
  (969, 'ogooiRZSa gKWeWK ZgDeKjhTrF', '79516437965'),
  (970, 'pTkKqKz itsArS LhnoYUU', '79951796016'),
  (971, 'QKCWZJABk SBjciXLMX hfhWpCfrmA', '79039920734'),
  (972, 'PeJanyUt dRaWsQssw KlhPrDM', '79803941874'),
  (973, 'LIirolgJU FPYbCAdDb ZaKTEk', '79932511389'),
  (974, 'xZCpQvF KlrQxoUpD jDsglX', '79735479229'),
  (975, 'LyaIRNQiGq LRlOdbq QOPMymw', '79327792867'),
  (976, 'aumcauhCFu mCjnCZG TNPjME', '79016075416'),
  (977, 'spwswZjf MjsspJZt JmGAnlZnz', '79457054851'),
  (978, 'fWeOLXGcc ILznrKuCj nQPmRQE', '79622245023'),
  (979, 'rByNEnFZG ZtMURAZ EcjlGu', '79527177355'),
  (980, 'hdgWrKjTxU FomtmhNDY FDXQdR', '79898955516'),
  (981, 'juEfUC nPCFaqZoo YdicxYlEI', '79218917223'),
  (982, 'AjuvByx FqWRAOc pqqPMZRYFA', '79619405037'),
  (983, 'sWNOmNMJfs EUNWGfL yjbrjLN', '79344680740'),
  (984, 'pMxOccS vpREZwQPof fhzNvluAr', '79605187257'),
  (985, 'jCZTngWa ejGdWTlDK vwFqiCaaPN', '79178732181'),
  (986, 'JgvoDZ yKcQRoTR JGbyKjR', '79722461881'),
  (987, 'bIGkcuQi DsIfMv FmDwSEENw', '79083687419'),
  (988, 'llhZbYygGq XnkJuGjE NFztUT', '79832835749'),
  (989, 'xtLmcKy BKYSsaPYW NZtMutYclL', '79725442990'),
  (990, 'zglPsIR FzhjhLv FuIsWzvk', '79400455080'),
  (991, 'dmhjfDzc QZLzQuaD xLWeQsbjt', '79641752680'),
  (992, 'qraMiMK PwwNCD ldLgszbiBd', '79348120819'),
  (993, 'fksjRrJuhv PKykaA qhwLvZi', '79621796888'),
  (994, 'xXvXCsGRp sJnZbh oeYCLs', '79286436712'),
  (995, 'oEfNTjj EUPaWAjadP GklkBOiNJB', '79804670665'),
  (996, 'uCwfYzk LjkoSx AyjFfosah', '79318777734'),
  (997, 'ROsXCmqmrF lTbGXs bPOmgAquFX', '79161341312'),
  (998, 'beBSqk wIayBYImbN yKGzqh', '79299005697'),
  (999, 'kbnsguM JhUocA AlrQiWlw', '79873975361'),
  (1000, 'SZFwgMTzjY IqiRwvl rojhhtUQr', '79804649931');


CREATE TABLE IF NOT EXISTS `hotel` (
  `id_hotel`     INT(11)      NOT NULL,
  `name`         VARCHAR(255) NOT NULL,
  `number_stars` INT(11)      NOT NULL,
  `address`      VARCHAR(255) NOT NULL,

  PRIMARY KEY (id_hotel)
)
  ENGINE = InnoDB
  AUTO_INCREMENT = 1
  DEFAULT CHARSET = utf8;

CREATE UNIQUE INDEX UN_hotel_id_hotel
  ON `hotel` (id_hotel);
CREATE INDEX IN_hotel_name
  ON `hotel` (name);
CREATE INDEX IN_hotel_number_stars
  ON `hotel` (number_stars);
CREATE INDEX IN_hotel_address
  ON `hotel` (address);


INSERT INTO `hotel` (`id_hotel`, `name`, `number_stars`, `address`) VALUES
  (1, 'tAnONyOAPU', 3, '. BtpJxuBp, . FCzCoIhLbL, . 70'),
  (2, '', 1, '. , . , . 204'),
  (3, 'URvJhpikwb', 2, '. cIYCdrQdY, . qmWguq, . 95'),
  (4, 'kCFBrB', 2, '. mlIaev, . hkutZSJM, . 832'),
  (5, 'ZrJrmnKOk', 5, '. AjNUKF, . pnLIDE, . 276'),
  (6, 'buxBCS', 5, '. qRhOAoqOad, . ChtWZMBNNn, . 834'),
  (7, 'ElFhxTuha', 4, '. BOKxcF, . nJdlvtlbNh, . 424'),
  (8, 'fZQjvC', 1, '. bryonin, . WNNlbCZAu, . 583'),
  (9, 'zgdGAmJPoO', 3, '. TRLsgyNAj, . XLlzWmGI, . 984'),
  (10, 'nFFlXNa', 4, '. aCEybz, . ljKsaZgkLL, . 512'),
  (11, 'WJDUJKSb', 4, '. yEZdQSLRa, . MpYXhnEtbi, . 470'),
  (12, 'MrYXWdLX', 1, '. CijqesML, . tpfvssOP, . 107'),
  (13, 'wBbfpKdx', 3, '. JgyokiZmu, . uXFwJe, . 284'),
  (14, 'qZdngB', 2, '. BKvdRS, . nSrTBS, . 279'),
  (15, 'eUmSYS', 5, '. fGWPOEzoaG, . SaSKgUPB, . 432'),
  (16, 'aAmBqX', 3, '. BzcstAhGZ, . JXWTJGUuX, . 532'),
  (17, 'enSiXiO', 5, '. BJhJYtCnF, . yEFsat, . 832'),
  (18, 'pElBKY', 2, '. rUyarPhf, . ETJRSjrDXA, . 952'),
  (19, 'SUXSoJuf', 1, '. ZJkfeolG, . zWbPRMQko, . 855'),
  (20, 'WXxQAeTy', 1, '. eprycDoC, . pXqypm, . 21'),
  (21, 'sBEJig', 4, '. ytKzTXwDNf, . UBqoQMxm, . 84'),
  (22, 'iNjAdtfyLU', 2, '. oweBjSlU, . MLOMGdQPY, . 142'),
  (23, 'yecbcnMFM', 5, '. PlSbOdDzGZ, . gmbhJguqL, . 744'),
  (24, 'kvCnrvMAo', 3, '. QjrIGy, . dzBUWAWTG, . 645'),
  (25, 'wnwjvSDmE', 4, '. eOgZNq, . iqbvbzy, . 162'),
  (26, 'kerKeZq', 3, '. jgDwpZMjI, . TnIMnL, . 325'),
  (27, 'IhBhwrgJQl', 3, '. dZCSnEvyz, . bZyUsqXat, . 278'),
  (28, 'GaiWIekxtp', 5, '. rEoOuzF, . YkBSWbEbQC, . 556'),
  (29, 'tqRnXLUgC', 4, '. xdvxcn, . BkUBbxhFe, . 206'),
  (30, 'LbnslP', 4, '. DqfKbggC, . fxylGo, . 855'),
  (31, 'CSsSmeZnE', 4, '. sJfJdv, . KGxAqlEy, . 230'),
  (32, 'IYvMirRbS', 1, '. BYTgix, . dwfQYlv, . 243'),
  (33, 'ejomZXIWa', 4, '. Ibaxvtrch, . xxLITqR, . 186'),
  (34, 'rYUXburi', 2, '. ghmuKetn, . GNLqEZrp, . 161'),
  (35, 'rWxycEEhiP', 2, '. qAOiIYBtFO, . hSEvow, . 356'),
  (36, 'FmTentni', 2, '. btxGWaded, . ncDitpsC, . 37'),
  (37, 'lJNdTwvoa', 4, '. EowGfDId, . fWInyNT, . 999'),
  (38, 'EfvtzyWRp', 5, '. jBaYxdpfL, . CxuSafXZt, . 314'),
  (39, 'YaWpYhLc', 1, '. kxmAExU, . eGzhnWE, . 360'),
  (40, 'rkxyNhg', 2, '. mfYBMiS, . kntoctntnS, . 673'),
  (41, 'XGRDKdG', 1, '. SabdIMKo, . mhlEJwJP, . 129'),
  (42, 'BbdutuFw', 5, '. QUJkeZGXDS, . RrvPkCyUw, . 521'),
  (43, 'njzaqnj', 1, '. jxcWzW, . PZxrBaK, . 74'),
  (44, 'XXaJDYLJch', 5, '. ntbNqXswG, . eCUAwOtCj, . 131'),
  (45, 'wLUgdZ', 4, '. XUEBzdI, . LmTcIrh, . 675'),
  (46, 'AXZwJoKF', 4, '. nSrMCTe, . dxJJSln, . 590'),
  (47, 'zlObsgd', 1, '. aFlXpBTiRA, . SzuOZxx, . 257'),
  (48, 'cwtzoYoBnd', 5, '. NKfGPnKGz, . eewoFcX, . 953'),
  (49, 'XKUjtivSNs', 4, '. ZKWgIDKEpd, . jadcwBdu, . 176'),
  (50, 'xOFnLtZIn', 1, '. yrWKlOT, . aMKyAEciP, . 550'),
  (51, 'SmNFQNw', 5, '. nwimvJRfri, . LzptvqSzx, . 373'),
  (52, 'qetirx', 3, '. hBosgMLiQ, . lleMRRg, . 536'),
  (53, 'dSSgalabbu', 2, '. IbIBXFiz, . tfqFIibQ, . 694'),
  (54, 'IoCYfkGfB', 3, '. qaQGjCBS, . vaZtSZXl, . 645'),
  (55, 'kXMhxYhLQ', 2, '. xlmLcrtlhP, . XfnaMr, . 909'),
  (56, 'NdrhxFvveB', 3, '. LpFsFjlMAx, . YQeLZZsU, . 82'),
  (57, 'baEbWSS', 2, '. KegpFU, . aQEdOGr, . 360'),
  (58, 'IsGLio', 3, '. NFfqidK, . hhxcpP, . 918'),
  (59, 'uoeYPdOs', 2, '. LsXBQkzfJg, . EUtsJWm, . 511'),
  (60, 'QcCxEBhZX', 3, '. EoXcndFTq, . bZryFNnRO, . 283'),
  (61, 'txrbWrLiv', 4, '. WlOehc, . DolAnuLCaU, . 897'),
  (62, 'OJIfpWn', 2, '. dekWnu, . AgOTOeNAed, . 663'),
  (63, 'DppeUQ', 2, '. omCzrx, . fQoqnZtN, . 375'),
  (64, 'mXrIBxGFsP', 2, '. NOYjBuvUWb, . FggwcDtB, . 629'),
  (65, 'MnyhPSwvE', 4, '. kYuszFro, . pCTTKOzPsj, . 487'),
  (66, 'EDpfUYrKs', 2, '. LUJRUOtJ, . ABRJkM, . 264'),
  (67, 'heYDioPmxz', 4, '. nOTsYUdckQ, . EzaTRXnPc, . 307'),
  (68, 'NQjLnATs', 4, '. SAISlXiQgg, . IhrexTyYn, . 877'),
  (69, 'WqImxL', 3, '. RXKPveNsv, . JfWEyx, . 622'),
  (70, 'RuCIIrN', 3, '. eikkgM, . TTnlEsLlY, . 290'),
  (71, 'fiPZdL', 5, '. KechAbWbPm, . espQrMg, . 182'),
  (72, 'QmCvtGtlT', 2, '. QYaEyZx, . payBWJr, . 938'),
  (73, 'TfsqTRN', 3, '. RLtrCu, . PPZqAln, . 297'),
  (74, 'ALLuwCwJ', 1, '. hxIPxJ, . zRnKalUEe, . 546'),
  (75, 'TnBrcqWvrg', 1, '. lLEeYP, . gXtIXbhENB, . 304'),
  (76, 'IvxnApiFlm', 4, '. XlQqan, . MCTPWo, . 984'),
  (77, 'FcSmsZGm', 2, '. smhardZ, . FMXPAyosxf, . 718'),
  (78, 'MPhzFB', 3, '. bDJCuTAfrx, . xAwOlRkaS, . 793'),
  (79, 'yDYOSM', 2, '. CKwanWCN, . yUAgOvpsQE, . 476'),
  (80, 'BkZZMRdBe', 5, '. hNXDZJ, . DbQJAsbII, . 811'),
  (81, 'fpgaTw', 5, '. tIYXigoQla, . anIdeZRmg, . 666'),
  (82, 'SkSxJdal', 5, '. tvsCOAOsLn, . yoLwRRb, . 168'),
  (83, 'lKQpfwUdsR', 1, '. JGPvZq, . LQYLhPFO, . 507'),
  (84, 'fUGnqNkyre', 1, '. DTYkpv, . dZSoExP, . 198'),
  (85, 'oMBJopE', 4, '. gkhMWbcO, . FAUAdsBY, . 896'),
  (86, 'wbFEiGe', 4, '. KPbojNvoq, . DitXfe, . 475'),
  (87, 'ZKPfci', 4, '. xKrLSRG, . abGdkCcCeR, . 856'),
  (88, 'YIsffjJciP', 1, '. asWFIj, . QeNMYCzAq, . 646'),
  (89, 'GXtMJRWbJ', 3, '. JCSnQA, . dnlLRkN, . 559'),
  (90, 'hvQxaeCxl', 5, '. ssBhxAhI, . fIBwrADuZm, . 537'),
  (91, 'QMOFyx', 2, '. AabUCu, . tSlwzJNnck, . 203'),
  (92, 'INMxbvwI', 5, '. PmvvbXz, . TPrJAXRYO, . 752'),
  (93, 'RbpisxBPM', 2, '. hrOBIfgPsT, . lSAYMYvmZx, . 703'),
  (94, 'aGMBtXmufM', 5, '. pMmjjGhTj, . ccQcdNhye, . 307'),
  (95, 'cAEMjAJvb', 2, '. aIDTmgau, . IQIEXbnuLi, . 312'),
  (96, 'uDPcyrCOz', 3, '. DyXluK, . wxOZiCTN, . 489'),
  (97, 'YqOMRZ', 5, '. qRGlJg, . DIZRcNpa, . 104'),
  (98, 'tYccZzJ', 3, '. JmPoPg, . JYAIpF, . 155'),
  (99, 'gYUDDrgl', 1, '. pytenN, . PgZQuIXtf, . 592'),
  (100, 'lZuGbIgpK', 4, '. ithYiTi, . YJAwmW, . 54'),
  (101, '', 8, '. -, . , .13');

CREATE TABLE IF NOT EXISTS `reservation` (
  `id_reservation` INT(11) NOT NULL,
  `id_client`      INT(11) NOT NULL,
  `date`           DATE    NOT NULL,

  PRIMARY KEY (id_reservation),
  FOREIGN KEY (id_client) REFERENCES client (id_client)
)
  ENGINE = InnoDB
  AUTO_INCREMENT = 1
  DEFAULT CHARSET = utf8;

CREATE UNIQUE INDEX UN_reservation_id_reservation
  ON `reservation` (id_reservation);
CREATE INDEX IN_reservation_id_client
  ON `reservation` (id_client);
CREATE INDEX IN_reservation_date
  ON `reservation` (date);


INSERT INTO `reservation` (id_reservation, `id_client`, `date`) VALUES
  (1, 262, '2015-11-24'),
  (2, 1, '2000-12-20'),
  (3, 2, '2002-12-21'),
  (4, 1, '2007-11-27'),
  (5, 1, '2008-10-31'),
  (6, 2, '2007-10-12'),
  (7, 888, '2014-11-30'),
  (8, 9, '2012-10-12'),
  (9, 279, '2004-11-28'),
  (10, 324, '2008-12-18'),
  (11, 564, '2002-10-18'),
  (12, 404, '2016-10-14'),
  (13, 800, '2009-10-30'),
  (14, 50, '2012-11-27'),
  (15, 867, '2003-11-30'),
  (16, 370, '2010-10-11'),
  (17, 661, '2000-12-15'),
  (18, 706, '2003-10-12'),
  (19, 251, '2006-11-20'),
  (20, 212, '2012-11-14'),
  (21, 284, '2001-12-12'),
  (22, 95, '2011-12-25'),
  (23, 163, '2012-10-17'),
  (24, 166, '2008-12-31'),
  (25, 867, '2016-12-28'),
  (26, 642, '2014-11-20'),
  (27, 141, '2014-12-31'),
  (28, 992, '2007-12-22'),
  (29, 705, '2008-10-11'),
  (30, 136, '2011-11-14'),
  (31, 906, '2009-11-21'),
  (32, 210, '2012-12-14'),
  (33, 431, '2013-10-20'),
  (34, 722, '2011-11-10'),
  (35, 28, '2011-11-30'),
  (36, 897, '2000-10-27'),
  (37, 275, '2013-12-27'),
  (38, 1000, '2017-11-17'),
  (39, 435, '2004-12-14'),
  (40, 448, '2002-11-12'),
  (41, 534, '2015-10-29'),
  (42, 881, '2010-11-28'),
  (43, 207, '2003-11-29'),
  (44, 497, '2008-12-25'),
  (45, 654, '2001-10-11'),
  (46, 295, '2001-10-26'),
  (47, 797, '2004-12-21'),
  (48, 516, '2015-12-18'),
  (49, 449, '2011-10-24'),
  (50, 458, '2012-11-10'),
  (51, 421, '2010-10-30'),
  (52, 84, '2009-11-11'),
  (53, 862, '2015-12-27'),
  (54, 656, '2011-10-31'),
  (55, 421, '2006-12-23'),
  (56, 372, '2011-11-27'),
  (57, 230, '2007-10-10'),
  (58, 4, '2015-12-30'),
  (59, 230, '2016-10-22'),
  (60, 844, '2017-12-10'),
  (61, 605, '2011-11-16'),
  (62, 465, '2017-12-16'),
  (63, 226, '2009-12-18'),
  (64, 278, '2010-11-10'),
  (65, 444, '2010-12-28'),
  (66, 431, '2004-11-22'),
  (67, 436, '2016-12-11'),
  (68, 281, '2003-10-18'),
  (69, 664, '2006-11-13'),
  (70, 90, '2003-10-10'),
  (71, 378, '2009-11-30'),
  (72, 5, '2001-12-26'),
  (73, 442, '2005-12-12'),
  (74, 560, '2004-10-22'),
  (75, 82, '2013-12-29'),
  (76, 417, '2004-11-24'),
  (77, 769, '2011-11-26'),
  (78, 533, '2013-12-15'),
  (79, 864, '2011-11-25'),
  (80, 90, '2015-10-30'),
  (81, 603, '2005-11-18'),
  (82, 828, '2017-11-28'),
  (83, 199, '2002-11-17'),
  (84, 678, '2001-10-18'),
  (85, 623, '2014-11-11'),
  (86, 581, '2009-11-15'),
  (87, 505, '2015-11-20'),
  (88, 695, '2005-10-20'),
  (89, 930, '2006-11-22'),
  (90, 772, '2009-10-31'),
  (91, 824, '2015-12-16'),
  (92, 933, '2005-10-13'),
  (93, 155, '2014-10-20'),
  (94, 609, '2017-10-12'),
  (95, 68, '2001-10-22'),
  (96, 957, '2001-12-12'),
  (97, 249, '2014-10-23'),
  (98, 653, '2014-11-16'),
  (99, 500, '2009-10-29'),
  (100, 180, '2004-12-22'),
  (101, 531, '2015-10-28'),
  (102, 82, '2008-11-13'),
  (103, 136, '2008-10-15'),
  (104, 956, '2012-12-24'),
  (105, 194, '2009-12-26'),
  (106, 305, '2014-11-24'),
  (107, 296, '2016-10-26'),
  (108, 852, '2000-10-13'),
  (109, 427, '2003-12-14'),
  (110, 314, '2007-10-19'),
  (111, 948, '2008-10-23'),
  (112, 880, '2009-11-11'),
  (113, 857, '2015-12-29'),
  (114, 215, '2001-11-24'),
  (115, 813, '2013-12-25'),
  (116, 222, '2003-10-27'),
  (117, 278, '2011-11-30'),
  (118, 981, '2004-10-19'),
  (119, 556, '2012-10-15'),
  (120, 460, '2015-12-19'),
  (121, 915, '2001-10-29'),
  (122, 850, '2015-11-20'),
  (123, 21, '2012-12-31'),
  (124, 976, '2017-10-20'),
  (125, 240, '2006-10-18'),
  (126, 821, '2004-12-12'),
  (127, 902, '2010-12-29'),
  (128, 42, '2008-11-23'),
  (129, 663, '2011-11-14'),
  (130, 487, '2015-12-13'),
  (131, 272, '2014-10-23'),
  (132, 42, '2016-12-26'),
  (133, 853, '2001-10-16'),
  (134, 584, '2001-12-19'),
  (135, 518, '2013-12-10'),
  (136, 38, '2017-11-24'),
  (137, 213, '2016-10-10'),
  (138, 837, '2012-10-11'),
  (139, 699, '2002-11-25'),
  (140, 484, '2004-11-17'),
  (141, 814, '2011-11-27'),
  (142, 846, '2012-11-17'),
  (143, 413, '2005-11-12'),
  (144, 711, '2009-11-18'),
  (145, 236, '2017-11-22'),
  (146, 818, '2008-12-17'),
  (147, 849, '2015-10-25'),
  (148, 277, '2010-12-23'),
  (149, 223, '2009-11-16'),
  (150, 109, '2015-12-19'),
  (151, 904, '2008-10-25'),
  (152, 980, '2000-10-13'),
  (153, 50, '2011-10-14'),
  (154, 602, '2004-11-21'),
  (155, 476, '2003-11-19'),
  (156, 367, '2012-12-13'),
  (157, 908, '2015-11-23'),
  (158, 877, '2006-11-18'),
  (159, 386, '2011-10-29'),
  (160, 799, '2004-10-18'),
  (161, 681, '2016-10-21'),
  (162, 306, '2012-10-17'),
  (163, 159, '2016-10-21'),
  (164, 293, '2003-10-11'),
  (165, 181, '2002-12-22'),
  (166, 33, '2005-12-16'),
  (167, 545, '2017-10-14'),
  (168, 455, '2015-11-27'),
  (169, 52, '2004-11-20'),
  (170, 197, '2011-11-28'),
  (171, 437, '2004-10-10'),
  (172, 273, '2010-11-14'),
  (173, 475, '2013-10-22'),
  (174, 97, '2010-12-14'),
  (175, 404, '2013-12-25'),
  (176, 125, '2009-11-26'),
  (177, 689, '2011-12-18'),
  (178, 401, '2010-10-27'),
  (179, 468, '2011-10-21'),
  (180, 883, '2005-11-29'),
  (181, 808, '2003-12-18'),
  (182, 175, '2012-11-12'),
  (183, 385, '2014-12-17'),
  (184, 495, '2005-10-21'),
  (185, 170, '2003-12-17'),
  (186, 687, '2003-10-24'),
  (187, 642, '2013-11-14'),
  (188, 196, '2009-10-18'),
  (189, 331, '2008-11-18'),
  (190, 633, '2001-12-14'),
  (191, 859, '2008-10-10'),
  (192, 442, '2010-12-21'),
  (193, 424, '2017-12-28'),
  (194, 90, '2012-11-11'),
  (195, 297, '2010-10-18'),
  (196, 563, '2014-11-10'),
  (197, 603, '2008-10-12'),
  (198, 390, '2001-11-23'),
  (199, 515, '2010-11-14'),
  (200, 403, '2007-11-30'),
  (201, 777, '2009-12-30'),
  (202, 550, '2000-12-19'),
  (203, 527, '2013-11-16'),
  (204, 416, '2000-12-16'),
  (205, 972, '2000-12-28'),
  (206, 459, '2007-10-28'),
  (207, 109, '2002-11-27'),
  (208, 546, '2013-12-31'),
  (209, 580, '2012-12-20'),
  (210, 868, '2010-10-22'),
  (211, 938, '2015-12-28'),
  (212, 917, '2003-10-21'),
  (213, 724, '2012-12-12'),
  (214, 189, '2003-11-25'),
  (215, 972, '2003-11-16'),
  (216, 477, '2004-11-19'),
  (217, 989, '2017-10-23'),
  (218, 486, '2003-10-31'),
  (219, 994, '2002-12-15'),
  (220, 470, '2013-12-16'),
  (221, 440, '2015-12-28'),
  (222, 617, '2006-12-23'),
  (223, 927, '2001-10-14'),
  (224, 822, '2001-10-22'),
  (225, 300, '2001-12-21'),
  (226, 723, '2017-12-13'),
  (227, 698, '2014-10-21'),
  (228, 554, '2016-12-20'),
  (229, 33, '2016-10-13'),
  (230, 267, '2012-11-16'),
  (231, 624, '2010-10-17'),
  (232, 993, '2017-10-30'),
  (233, 190, '2008-11-10'),
  (234, 374, '2006-12-12'),
  (235, 488, '2001-12-25'),
  (236, 782, '2003-11-28'),
  (237, 282, '2003-10-20'),
  (238, 268, '2003-10-16'),
  (239, 206, '2005-12-15'),
  (240, 364, '2010-12-30'),
  (241, 485, '2008-10-14'),
  (242, 136, '2003-11-20'),
  (243, 358, '2004-11-22'),
  (244, 30, '2012-11-16'),
  (245, 788, '2006-12-22'),
  (246, 569, '2014-10-27'),
  (247, 185, '2012-12-18'),
  (248, 638, '2007-11-24'),
  (249, 172, '2006-12-19'),
  (250, 54, '2015-10-27'),
  (251, 920, '2012-10-17'),
  (252, 699, '2011-12-15'),
  (253, 572, '2003-10-31'),
  (254, 898, '2017-12-21'),
  (255, 428, '2010-10-27'),
  (256, 974, '0000-00-00'),
  (257, 848, '2016-12-23'),
  (258, 276, '2007-12-29'),
  (259, 389, '2002-11-21'),
  (260, 590, '2011-11-26'),
  (261, 875, '2012-10-31'),
  (262, 410, '2008-10-17'),
  (263, 48, '2011-10-16'),
  (264, 543, '2006-11-30'),
  (265, 692, '2001-12-26'),
  (266, 865, '2008-12-20'),
  (267, 427, '2017-10-31'),
  (268, 759, '2002-11-30'),
  (269, 696, '2005-11-28'),
  (270, 571, '2006-10-20'),
  (271, 764, '2005-11-18'),
  (272, 4, '2003-10-14'),
  (273, 357, '2006-11-25'),
  (274, 869, '2001-10-15'),
  (275, 276, '2011-11-30'),
  (276, 225, '2012-11-22'),
  (277, 620, '2013-10-21'),
  (278, 104, '2014-11-16'),
  (279, 238, '2003-10-31'),
  (280, 65, '0000-00-00'),
  (281, 222, '2007-12-14'),
  (282, 657, '2017-10-20'),
  (283, 758, '2007-12-11'),
  (284, 51, '2014-12-30'),
  (285, 195, '2011-10-14'),
  (286, 314, '2014-12-11'),
  (287, 288, '2001-11-28'),
  (288, 509, '2001-11-24'),
  (289, 822, '2001-12-25'),
  (290, 465, '2008-11-18'),
  (291, 283, '2014-11-25'),
  (292, 892, '2011-11-14'),
  (293, 403, '2001-12-19'),
  (294, 458, '2015-10-18'),
  (295, 668, '2000-11-21'),
  (296, 718, '2004-10-25'),
  (297, 760, '2015-11-28'),
  (298, 198, '2012-10-14'),
  (299, 130, '2009-12-30'),
  (300, 625, '2007-10-11'),
  (301, 687, '2001-10-14'),
  (302, 795, '2010-10-14'),
  (303, 425, '2017-11-18'),
  (304, 303, '2007-12-23'),
  (305, 12, '2017-12-12'),
  (306, 389, '2008-12-22'),
  (307, 62, '2008-12-30'),
  (308, 142, '2000-12-19'),
  (309, 873, '2016-12-20'),
  (310, 844, '2013-11-17'),
  (311, 829, '2006-10-16'),
  (312, 850, '2013-10-31'),
  (313, 833, '2000-10-31'),
  (314, 331, '2009-11-13'),
  (315, 367, '2007-12-23'),
  (316, 23, '2008-12-24'),
  (317, 600, '2011-12-14'),
  (318, 262, '2006-12-22'),
  (319, 465, '2000-12-23'),
  (320, 560, '0000-00-00'),
  (321, 487, '2011-11-13'),
  (322, 552, '2003-11-21'),
  (323, 788, '2007-11-20'),
  (324, 860, '2004-12-31'),
  (325, 542, '2011-10-21'),
  (326, 697, '2012-12-28'),
  (327, 751, '2012-11-10'),
  (328, 809, '2012-12-31'),
  (329, 386, '2017-10-30'),
  (330, 993, '2008-12-23'),
  (331, 690, '2003-10-10'),
  (332, 11, '2001-11-20'),
  (333, 858, '2016-10-21'),
  (334, 938, '2014-10-10'),
  (335, 160, '2012-10-31'),
  (336, 509, '2007-12-31'),
  (337, 919, '2000-10-29'),
  (338, 8, '2013-10-11'),
  (339, 984, '2013-12-31'),
  (340, 597, '2004-10-29'),
  (341, 245, '2015-10-23'),
  (342, 733, '2014-11-14'),
  (343, 701, '2001-12-28'),
  (344, 322, '2012-12-13'),
  (345, 544, '2015-10-19'),
  (346, 532, '2013-10-28'),
  (347, 488, '2004-11-27'),
  (348, 704, '2004-11-13'),
  (349, 636, '2016-11-15'),
  (350, 658, '2003-11-28'),
  (351, 665, '2001-11-22'),
  (352, 804, '2006-10-18'),
  (353, 395, '2009-10-20'),
  (354, 600, '2017-12-18'),
  (355, 591, '2016-10-19'),
  (356, 864, '2012-11-25'),
  (357, 727, '2014-11-26'),
  (358, 914, '2011-10-20'),
  (359, 967, '0000-00-00'),
  (360, 555, '2001-12-27'),
  (361, 371, '2009-10-26'),
  (362, 293, '2007-10-29'),
  (363, 937, '2002-11-28'),
  (364, 952, '2008-12-20'),
  (365, 467, '2001-11-21'),
  (366, 557, '2017-10-23'),
  (367, 420, '2011-12-20'),
  (368, 564, '2001-11-18'),
  (369, 180, '2010-11-19'),
  (370, 819, '2004-11-17'),
  (371, 605, '2011-12-14'),
  (372, 228, '2002-10-30'),
  (373, 708, '2010-12-24'),
  (374, 506, '2014-12-11'),
  (375, 823, '2011-12-24'),
  (376, 626, '2017-11-22'),
  (377, 799, '2012-10-24'),
  (378, 377, '2012-10-25'),
  (379, 240, '2011-10-29'),
  (380, 880, '2008-11-13'),
  (381, 698, '2007-10-16'),
  (382, 433, '2008-11-14'),
  (383, 577, '0000-00-00'),
  (384, 259, '2013-11-23'),
  (385, 942, '2017-10-10'),
  (386, 788, '2002-12-31'),
  (387, 680, '2003-10-20'),
  (388, 565, '2010-10-12'),
  (389, 302, '2002-10-13'),
  (390, 430, '0000-00-00'),
  (391, 600, '2015-10-31'),
  (392, 963, '2017-10-18'),
  (393, 744, '2016-12-28'),
  (394, 809, '2002-10-10'),
  (395, 844, '2005-11-12'),
  (396, 822, '2014-10-16'),
  (397, 112, '2011-11-28'),
  (398, 399, '2004-10-14'),
  (399, 876, '2007-11-19'),
  (400, 870, '2006-12-28'),
  (401, 613, '2009-11-19'),
  (402, 327, '2007-11-28'),
  (403, 846, '2015-10-26'),
  (404, 968, '2000-10-17'),
  (405, 101, '2008-12-16'),
  (406, 653, '2004-11-10'),
  (407, 795, '2009-12-29'),
  (408, 63, '2007-12-20'),
  (409, 600, '2001-11-29'),
  (410, 420, '2000-12-10'),
  (411, 337, '2009-10-19'),
  (412, 444, '2002-11-13'),
  (413, 136, '2007-12-13'),
  (414, 493, '2005-10-11'),
  (415, 769, '2008-11-12'),
  (416, 439, '2014-11-10'),
  (417, 383, '2017-10-22'),
  (418, 70, '2001-12-30'),
  (419, 388, '2010-12-31'),
  (420, 130, '2009-10-22'),
  (421, 47, '2010-10-29'),
  (422, 158, '2005-12-14'),
  (423, 700, '2011-11-10'),
  (424, 995, '2000-10-18'),
  (425, 232, '2012-11-19'),
  (426, 176, '2014-10-10'),
  (427, 401, '2008-11-23'),
  (428, 214, '2017-12-24'),
  (429, 801, '2002-10-14'),
  (430, 789, '2016-10-28'),
  (431, 160, '2010-12-26'),
  (432, 124, '2004-10-24'),
  (433, 278, '2003-11-17'),
  (434, 113, '2005-12-21'),
  (435, 360, '2016-12-26'),
  (436, 460, '2014-10-29'),
  (437, 616, '2013-10-29'),
  (438, 793, '2017-12-30'),
  (439, 381, '2009-11-21'),
  (440, 942, '2007-10-23'),
  (441, 700, '2014-12-18'),
  (442, 56, '2000-11-29'),
  (443, 751, '2005-11-27'),
  (444, 971, '2010-12-29'),
  (445, 173, '2005-12-23'),
  (446, 430, '2007-10-15'),
  (447, 313, '2006-11-14'),
  (448, 256, '2006-10-30'),
  (449, 614, '2011-11-30'),
  (450, 883, '2002-11-19'),
  (451, 305, '2014-11-26'),
  (452, 874, '2002-12-25'),
  (453, 40, '2006-11-20'),
  (454, 926, '2005-10-28'),
  (455, 330, '2004-11-13'),
  (456, 604, '2011-10-20'),
  (457, 24, '2012-11-19'),
  (458, 442, '2005-10-19'),
  (459, 176, '2010-10-27'),
  (460, 179, '2012-10-21'),
  (461, 761, '2017-10-31'),
  (462, 334, '2009-10-30'),
  (463, 124, '2003-12-26'),
  (464, 556, '2005-11-13'),
  (465, 853, '2007-12-12'),
  (466, 832, '2012-10-28'),
  (467, 138, '2006-10-18'),
  (468, 566, '2013-11-18'),
  (469, 722, '2001-11-23'),
  (470, 52, '2001-10-28'),
  (471, 761, '2003-12-25'),
  (472, 57, '2001-12-16'),
  (473, 633, '2001-12-23'),
  (474, 149, '2006-11-17'),
  (475, 666, '2004-12-11'),
  (476, 153, '2002-11-23'),
  (477, 807, '2005-10-10'),
  (478, 520, '2015-11-19'),
  (479, 456, '2004-11-10'),
  (480, 653, '2008-12-28'),
  (481, 925, '2005-10-19'),
  (482, 892, '2013-10-22'),
  (483, 656, '2011-10-29'),
  (484, 726, '2010-12-20'),
  (485, 397, '2004-10-26'),
  (486, 237, '2016-10-13'),
  (487, 969, '2000-10-22'),
  (488, 43, '2012-11-28'),
  (489, 277, '2005-11-29'),
  (490, 874, '2009-11-18'),
  (491, 612, '2006-10-15'),
  (492, 850, '2005-10-15'),
  (493, 169, '2011-11-14'),
  (494, 456, '2006-10-15'),
  (495, 350, '2006-12-15'),
  (496, 40, '2011-12-20'),
  (497, 523, '0000-00-00'),
  (498, 696, '2008-12-24'),
  (499, 603, '2013-11-18'),
  (500, 686, '2000-12-22'),
  (501, 992, '2007-11-20'),
  (502, 6, '2008-12-17'),
  (503, 429, '2009-10-29'),
  (504, 384, '2006-11-23'),
  (505, 527, '2002-11-11'),
  (506, 48, '2000-12-14'),
  (507, 336, '2006-10-23'),
  (508, 38, '2003-10-24'),
  (509, 296, '2011-12-15'),
  (510, 186, '2005-11-27'),
  (511, 752, '2006-11-16'),
  (512, 821, '2011-11-15'),
  (513, 767, '2007-11-15'),
  (514, 536, '2016-10-26'),
  (515, 656, '2000-10-20'),
  (516, 702, '2001-11-30'),
  (517, 772, '2005-12-27'),
  (518, 442, '2005-11-26'),
  (519, 235, '2015-12-12'),
  (520, 109, '2011-10-28'),
  (521, 120, '2009-10-10'),
  (522, 61, '2016-12-22'),
  (523, 885, '2007-11-22'),
  (524, 502, '2001-11-11'),
  (525, 229, '2012-10-30'),
  (526, 459, '2011-11-11'),
  (527, 398, '2016-10-11'),
  (528, 140, '2007-10-30'),
  (529, 469, '2008-10-20'),
  (530, 584, '2010-12-12'),
  (531, 209, '2006-12-23'),
  (532, 151, '2016-12-13'),
  (533, 636, '2007-12-25'),
  (534, 130, '2012-12-18'),
  (535, 542, '2000-11-25'),
  (536, 150, '2016-10-17'),
  (537, 905, '2017-11-29'),
  (538, 833, '2003-11-25'),
  (539, 482, '2004-10-17'),
  (540, 800, '2012-10-22'),
  (541, 335, '0000-00-00'),
  (542, 889, '2017-10-23'),
  (543, 915, '2010-10-26'),
  (544, 561, '2012-11-26'),
  (545, 465, '2001-10-16'),
  (546, 193, '2011-10-26'),
  (547, 999, '2010-10-31'),
  (548, 539, '2015-10-26'),
  (549, 153, '2014-11-27'),
  (550, 637, '2007-11-26'),
  (551, 300, '2009-10-31'),
  (552, 807, '2001-10-23'),
  (553, 822, '2015-11-26'),
  (554, 190, '2009-10-15'),
  (555, 15, '2006-11-29'),
  (556, 139, '2007-10-25'),
  (557, 976, '2001-10-31'),
  (558, 195, '2000-11-19'),
  (559, 925, '2015-11-28'),
  (560, 517, '2007-11-23'),
  (561, 907, '2016-11-13'),
  (562, 321, '2009-10-17'),
  (563, 686, '2006-12-24'),
  (564, 653, '2011-11-11'),
  (565, 642, '2008-12-25'),
  (566, 320, '2005-12-13'),
  (567, 172, '2016-11-23'),
  (568, 440, '2005-10-12'),
  (569, 106, '2012-12-22'),
  (570, 412, '2010-12-13'),
  (571, 205, '2007-12-30'),
  (572, 409, '2000-12-19'),
  (573, 256, '2015-12-28'),
  (574, 236, '2013-12-26'),
  (575, 554, '2015-12-31'),
  (576, 971, '2013-12-14'),
  (577, 738, '2003-12-11'),
  (578, 935, '2017-11-15'),
  (579, 123, '2009-11-19'),
  (580, 393, '2000-11-29'),
  (581, 675, '2017-12-30'),
  (582, 315, '2017-11-11'),
  (583, 742, '2001-12-31'),
  (584, 176, '2008-12-27'),
  (585, 571, '2011-11-26'),
  (586, 757, '2008-11-24'),
  (587, 404, '2001-10-14'),
  (588, 972, '2014-11-13'),
  (589, 960, '2014-10-23'),
  (590, 42, '2003-11-26'),
  (591, 863, '2001-10-30'),
  (592, 169, '2003-12-18'),
  (593, 118, '2006-10-14'),
  (594, 142, '2017-12-30'),
  (595, 715, '2005-11-14'),
  (596, 940, '2017-12-10'),
  (597, 229, '2012-11-30'),
  (598, 919, '2006-10-23'),
  (599, 194, '2014-12-30'),
  (600, 340, '2010-12-23'),
  (601, 519, '2005-11-16'),
  (602, 240, '2003-11-14'),
  (603, 311, '2006-12-16'),
  (604, 795, '2017-10-25'),
  (605, 352, '2008-11-17'),
  (606, 466, '2014-11-28'),
  (607, 956, '2011-10-14'),
  (608, 93, '2008-10-31'),
  (609, 247, '2006-10-12'),
  (610, 216, '2014-12-26'),
  (611, 48, '2002-11-13'),
  (612, 779, '2000-11-12'),
  (613, 678, '2014-11-20'),
  (614, 479, '2007-12-31'),
  (615, 382, '2004-11-24'),
  (616, 696, '2015-10-11'),
  (617, 333, '2003-12-31'),
  (618, 740, '2004-11-25'),
  (619, 122, '2003-12-22'),
  (620, 719, '2003-11-23'),
  (621, 831, '2012-10-11'),
  (622, 990, '2014-11-28'),
  (623, 170, '2014-11-26'),
  (624, 112, '0000-00-00'),
  (625, 896, '2017-11-29'),
  (626, 720, '2005-12-31'),
  (627, 625, '2009-12-30'),
  (628, 518, '2012-10-27'),
  (629, 649, '2004-10-19'),
  (630, 113, '2005-11-15'),
  (631, 347, '2004-10-25'),
  (632, 588, '2016-12-11'),
  (633, 801, '2012-12-10'),
  (634, 695, '2012-10-10'),
  (635, 741, '2002-11-25'),
  (636, 176, '2014-11-22'),
  (637, 315, '2005-10-13'),
  (638, 879, '2011-11-23'),
  (639, 748, '2002-11-15'),
  (640, 657, '2006-10-29'),
  (641, 332, '2001-12-27'),
  (642, 487, '2008-11-10'),
  (643, 611, '2011-11-23'),
  (644, 588, '2000-11-23'),
  (645, 252, '2002-11-20'),
  (646, 966, '2016-12-18'),
  (647, 446, '2006-10-29'),
  (648, 614, '2007-11-20'),
  (649, 315, '2004-10-16'),
  (650, 950, '2014-12-13'),
  (651, 255, '2005-10-24'),
  (652, 354, '2002-11-30'),
  (653, 621, '2005-11-23'),
  (654, 121, '2001-11-17'),
  (655, 282, '2000-12-16'),
  (656, 899, '2006-12-10'),
  (657, 481, '2012-11-15'),
  (658, 424, '2008-12-14'),
  (659, 617, '2015-10-25'),
  (660, 37, '2005-12-15'),
  (661, 632, '2004-11-18'),
  (662, 340, '2013-10-12'),
  (663, 228, '2006-12-31'),
  (664, 271, '2010-11-25'),
  (665, 635, '2013-10-28'),
  (666, 8, '2016-12-18'),
  (667, 868, '2010-12-20'),
  (668, 772, '2013-10-12'),
  (669, 287, '2001-10-23'),
  (670, 531, '2005-12-20'),
  (671, 719, '2016-10-19'),
  (672, 769, '2013-11-28'),
  (673, 267, '2010-11-13'),
  (674, 820, '2009-10-11'),
  (675, 215, '2011-11-10'),
  (676, 856, '2000-10-25'),
  (677, 333, '2000-12-18'),
  (678, 330, '2008-11-24'),
  (679, 512, '2015-12-19'),
  (680, 649, '2004-11-23'),
  (681, 651, '2013-11-19'),
  (682, 527, '2014-10-20'),
  (683, 263, '2003-12-19'),
  (684, 692, '2010-12-13'),
  (685, 992, '2013-10-11'),
  (686, 539, '2001-11-14'),
  (687, 584, '2005-10-12'),
  (688, 858, '2013-11-20'),
  (689, 548, '2008-11-14'),
  (690, 400, '2012-11-30'),
  (691, 598, '2005-10-19'),
  (692, 261, '0000-00-00'),
  (693, 956, '2011-10-26'),
  (694, 243, '2001-11-20'),
  (695, 335, '2014-10-19'),
  (696, 999, '2001-11-12'),
  (697, 19, '2009-12-23'),
  (698, 791, '2003-11-27'),
  (699, 154, '2002-10-30'),
  (700, 189, '2004-10-11'),
  (701, 420, '2004-12-17'),
  (702, 332, '2002-10-15'),
  (703, 398, '2017-10-22'),
  (704, 96, '2010-11-29'),
  (705, 487, '2002-11-13'),
  (706, 535, '2003-12-24'),
  (707, 431, '2008-12-18'),
  (708, 681, '2003-11-17'),
  (709, 54, '2000-12-10'),
  (710, 203, '2015-11-24'),
  (711, 842, '2013-11-20'),
  (712, 175, '2013-12-28'),
  (713, 385, '0000-00-00'),
  (714, 195, '2010-11-14'),
  (715, 782, '2009-11-16'),
  (716, 922, '2011-12-10'),
  (717, 519, '2001-11-23'),
  (718, 279, '2003-11-17'),
  (719, 570, '2004-12-16'),
  (720, 936, '2014-12-23'),
  (721, 455, '0000-00-00'),
  (722, 572, '2010-12-19'),
  (723, 316, '2003-11-17'),
  (724, 811, '2005-12-16'),
  (725, 904, '2017-11-30'),
  (726, 738, '2014-10-24'),
  (727, 174, '2003-12-10'),
  (728, 867, '2003-12-11'),
  (729, 92, '2013-12-15'),
  (730, 799, '2001-12-14'),
  (731, 900, '2006-10-29'),
  (732, 436, '2010-12-22'),
  (733, 14, '2010-10-29'),
  (734, 563, '2006-11-16'),
  (735, 34, '2006-12-31'),
  (736, 397, '2002-10-17'),
  (737, 848, '2010-11-12'),
  (738, 160, '2008-10-24'),
  (739, 425, '2001-10-28'),
  (740, 862, '2008-12-10'),
  (741, 346, '2016-11-11'),
  (742, 466, '2003-11-24'),
  (743, 398, '2016-10-27'),
  (744, 398, '2015-11-11'),
  (745, 322, '2003-12-29'),
  (746, 57, '2007-12-14'),
  (747, 459, '2002-12-13'),
  (748, 471, '2016-12-15'),
  (749, 635, '2011-10-13'),
  (750, 86, '2003-10-24'),
  (751, 371, '2014-10-27'),
  (752, 353, '2009-12-17'),
  (753, 591, '2002-12-20'),
  (754, 698, '2003-10-31'),
  (755, 959, '2000-11-16'),
  (756, 170, '2006-10-11'),
  (757, 144, '2010-11-12'),
  (758, 516, '2014-11-29'),
  (759, 445, '2005-11-17'),
  (760, 373, '2001-10-25'),
  (761, 432, '2009-12-31'),
  (762, 929, '2006-11-17'),
  (763, 404, '2005-11-11'),
  (764, 438, '2005-10-16'),
  (765, 160, '2010-12-15'),
  (766, 816, '2008-11-11'),
  (767, 755, '2007-10-12'),
  (768, 706, '2005-10-22'),
  (769, 147, '2012-10-29'),
  (770, 560, '2006-10-18'),
  (771, 625, '2004-10-21'),
  (772, 23, '2003-10-24'),
  (773, 583, '2000-12-23'),
  (774, 395, '2008-10-31'),
  (775, 281, '2003-12-15'),
  (776, 292, '2006-12-28'),
  (777, 802, '2004-11-11'),
  (778, 325, '2013-12-17'),
  (779, 65, '2003-10-21'),
  (780, 613, '2014-11-11'),
  (781, 134, '2009-10-24'),
  (782, 690, '2015-11-14'),
  (783, 682, '2000-10-31'),
  (784, 266, '2015-10-19'),
  (785, 967, '2002-10-31'),
  (786, 227, '2011-11-14'),
  (787, 162, '2009-11-22'),
  (788, 478, '2012-12-29'),
  (789, 454, '2006-11-22'),
  (790, 486, '2005-10-30'),
  (791, 81, '2010-12-17'),
  (792, 66, '2009-12-13'),
  (793, 67, '2000-11-22'),
  (794, 892, '2005-11-29'),
  (795, 179, '2017-12-25'),
  (796, 273, '2006-11-17'),
  (797, 369, '2007-12-29'),
  (798, 589, '2014-10-22'),
  (799, 822, '2000-11-25'),
  (800, 298, '2005-10-12'),
  (801, 7, '2005-10-13'),
  (802, 488, '2004-12-14'),
  (803, 816, '2009-10-14'),
  (804, 174, '2013-10-28'),
  (805, 450, '2017-12-14'),
  (806, 591, '2009-12-10'),
  (807, 371, '2004-11-30'),
  (808, 496, '2017-12-17'),
  (809, 585, '2016-10-23'),
  (810, 908, '2011-11-25'),
  (811, 243, '2004-10-11'),
  (812, 112, '2000-11-18'),
  (813, 376, '2009-12-16'),
  (814, 918, '2007-11-13'),
  (815, 483, '2011-11-11'),
  (816, 598, '2007-12-28'),
  (817, 201, '2010-11-10'),
  (818, 155, '2000-11-20'),
  (819, 597, '2008-12-22'),
  (820, 931, '2004-10-15'),
  (821, 4, '2004-11-13'),
  (822, 591, '2009-12-27'),
  (823, 516, '2008-11-10'),
  (824, 937, '2015-10-14'),
  (825, 899, '2010-11-26'),
  (826, 924, '2000-12-20'),
  (827, 362, '2011-10-28'),
  (828, 923, '2003-12-19'),
  (829, 70, '2005-10-22'),
  (830, 81, '2001-12-13'),
  (831, 147, '2007-12-28'),
  (832, 121, '2004-10-17'),
  (833, 31, '2010-12-24'),
  (834, 493, '2008-10-29'),
  (835, 576, '2008-11-26'),
  (836, 285, '2005-10-11'),
  (837, 29, '2004-10-22'),
  (838, 784, '2001-10-23'),
  (839, 235, '2013-12-19'),
  (840, 294, '2005-10-12'),
  (841, 373, '2007-12-30'),
  (842, 932, '2001-10-13'),
  (843, 545, '2004-10-18'),
  (844, 276, '2010-12-22'),
  (845, 554, '2008-12-23'),
  (846, 91, '2013-10-23'),
  (847, 367, '2009-11-13'),
  (848, 525, '2001-11-28'),
  (849, 710, '2000-12-23'),
  (850, 326, '2007-12-26'),
  (851, 548, '2003-12-11'),
  (852, 9, '2008-12-31'),
  (853, 11, '2014-11-29'),
  (854, 537, '2004-12-15'),
  (855, 675, '2011-12-24'),
  (856, 307, '2016-10-27'),
  (857, 389, '2014-11-24'),
  (858, 272, '2011-10-24'),
  (859, 704, '2009-10-10'),
  (860, 240, '2016-12-29'),
  (861, 573, '2003-11-22'),
  (862, 430, '2000-11-10'),
  (863, 637, '2011-11-28'),
  (864, 480, '2007-10-20'),
  (865, 590, '2016-12-27'),
  (866, 604, '2006-10-13'),
  (867, 803, '2004-11-23'),
  (868, 541, '2003-12-28'),
  (869, 401, '2001-12-24'),
  (870, 41, '2001-11-24'),
  (871, 819, '2015-11-12'),
  (872, 6, '2010-12-15'),
  (873, 130, '2003-10-13'),
  (874, 73, '2016-11-14'),
  (875, 19, '2007-11-26'),
  (876, 325, '2013-10-21'),
  (877, 316, '2013-10-22'),
  (878, 177, '2003-11-18'),
  (879, 929, '2011-12-20'),
  (880, 419, '2001-12-18'),
  (881, 581, '2013-11-24'),
  (882, 783, '2001-12-29'),
  (883, 182, '2000-10-15'),
  (884, 571, '2010-11-19'),
  (885, 840, '2004-10-15'),
  (886, 626, '2017-11-20'),
  (887, 742, '2008-11-13'),
  (888, 876, '2015-11-22'),
  (889, 163, '2017-11-18'),
  (890, 962, '2000-10-15'),
  (891, 675, '2008-12-28'),
  (892, 767, '2006-10-14'),
  (893, 660, '2016-12-18'),
  (894, 126, '2011-12-21'),
  (895, 283, '2003-11-16'),
  (896, 950, '2005-10-24'),
  (897, 301, '2010-10-22'),
  (898, 28, '2000-10-27'),
  (899, 695, '2002-12-17'),
  (900, 547, '2017-12-20'),
  (901, 905, '2013-12-14'),
  (902, 958, '2004-12-17'),
  (903, 690, '2005-12-14'),
  (904, 51, '2015-12-20'),
  (905, 571, '2002-12-30'),
  (906, 555, '2000-12-26'),
  (907, 265, '2000-10-21'),
  (908, 752, '2001-12-19'),
  (909, 67, '2011-10-21'),
  (910, 759, '2005-10-27'),
  (911, 425, '2009-12-25'),
  (912, 611, '2016-12-18'),
  (913, 290, '2001-11-15'),
  (914, 679, '2010-10-21'),
  (915, 322, '2015-12-15'),
  (916, 749, '2007-11-16'),
  (917, 856, '2005-10-14'),
  (918, 166, '2003-12-12'),
  (919, 227, '2003-12-25'),
  (920, 291, '2010-11-12'),
  (921, 321, '2006-12-27'),
  (922, 895, '2005-11-12'),
  (923, 733, '2017-12-31'),
  (924, 340, '2011-11-11'),
  (925, 489, '2003-12-14'),
  (926, 409, '2003-11-29'),
  (927, 135, '2006-10-14'),
  (928, 610, '2014-12-23'),
  (929, 994, '2006-11-20'),
  (930, 330, '2007-10-26'),
  (931, 788, '2007-11-10'),
  (932, 637, '2015-12-15'),
  (933, 315, '2011-10-10'),
  (934, 589, '2005-11-10'),
  (935, 284, '2000-11-21'),
  (936, 214, '2006-12-11'),
  (937, 87, '2017-10-18'),
  (938, 879, '2011-11-23'),
  (939, 124, '2002-11-16'),
  (940, 445, '2005-12-20'),
  (941, 129, '2010-12-22'),
  (942, 368, '2007-11-29'),
  (943, 272, '2006-10-17'),
  (944, 36, '2017-11-25'),
  (945, 368, '2001-11-10'),
  (946, 240, '2016-12-14'),
  (947, 770, '2002-10-27'),
  (948, 748, '2003-10-23'),
  (949, 759, '2010-11-17'),
  (950, 699, '2015-11-12'),
  (951, 691, '2007-10-25'),
  (952, 203, '2010-12-12'),
  (953, 381, '2004-10-25'),
  (954, 98, '2002-10-14'),
  (955, 698, '2015-10-30'),
  (956, 316, '2008-10-15'),
  (957, 285, '2011-10-24'),
  (958, 198, '2010-12-23'),
  (959, 481, '2003-12-17'),
  (960, 572, '2008-10-23'),
  (961, 656, '2010-10-20'),
  (962, 118, '2002-11-22'),
  (963, 8, '2015-11-18'),
  (964, 678, '2016-11-11'),
  (965, 455, '2006-10-31'),
  (966, 125, '2012-11-20'),
  (967, 203, '2009-11-23'),
  (968, 919, '2013-10-11'),
  (969, 919, '2006-10-22'),
  (970, 440, '2016-10-16'),
  (971, 340, '2010-10-10'),
  (972, 686, '2006-10-21'),
  (973, 958, '2013-10-23'),
  (974, 584, '2014-11-13'),
  (975, 242, '2008-11-22'),
  (976, 523, '2000-10-22'),
  (977, 979, '2013-12-11'),
  (978, 355, '2012-11-16'),
  (979, 54, '2007-12-24'),
  (980, 805, '0000-00-00'),
  (981, 936, '2007-12-13'),
  (982, 195, '2014-12-26'),
  (983, 456, '2000-11-17'),
  (984, 459, '2009-12-15'),
  (985, 583, '2012-11-15'),
  (986, 507, '2010-10-15'),
  (987, 53, '2003-12-25'),
  (988, 948, '2002-12-14'),
  (989, 866, '2003-12-29'),
  (990, 423, '2017-11-15'),
  (991, 644, '2007-12-30'),
  (992, 812, '2012-11-14'),
  (993, 959, '2010-12-15'),
  (994, 920, '2015-10-13'),
  (995, 341, '2004-12-27'),
  (996, 288, '2004-10-13'),
  (997, 641, '2007-11-18'),
  (998, 375, '2010-12-23'),
  (999, 957, '2005-12-26'),
  (1000, 904, '2001-12-16');


CREATE TABLE IF NOT EXISTS `room_kind` (
  `id_room_kind` INT(11)      NOT NULL,
  `name`         VARCHAR(255) NOT NULL,
  `min_area`     INT(11)      NOT NULL,

  PRIMARY KEY (id_room_kind)
)
  ENGINE = InnoDB
  AUTO_INCREMENT = 1
  DEFAULT CHARSET = utf8;

CREATE UNIQUE INDEX UN_room_kind_id_room_kind
  ON `room_kind` (id_room_kind);
CREATE INDEX IN_room_kind_name
  ON `room_kind` (name);
CREATE INDEX IN_room_kind_min_area
  ON `room_kind` (min_area);

INSERT INTO `room_kind` (`id_room_kind`, `name`, `min_area`) VALUES
  (1, '', 40),
  (2, '', 120);


CREATE TABLE IF NOT EXISTS `room` (
  `id_room`           INT(11) NOT NULL,
  `id_hotel`          INT(11) NOT NULL,
  `id_room_kind`      INT(11) NOT NULL,
  `number_in_hotel`   INT(11) NOT NULL,
  `cost_of_one_night` INT(11) NOT NULL,

  PRIMARY KEY (id_room),
  FOREIGN KEY (id_hotel) REFERENCES hotel (id_hotel),
  FOREIGN KEY (id_room_kind) REFERENCES room_kind (id_room_kind)
)
  ENGINE = InnoDB
  AUTO_INCREMENT = 1
  DEFAULT CHARSET = utf8;

CREATE UNIQUE INDEX UN_room_id_room
  ON `room` (id_room);
CREATE INDEX IN_room_id_hotel
  ON `room` (id_hotel);
CREATE INDEX IN_room_id_room_kind
  ON `room` (id_room_kind);
CREATE INDEX IN_room_number_in_hotel
  ON `room` (number_in_hotel);
CREATE INDEX IN_room_cost_of_one_night
  ON `room` (cost_of_one_night);

INSERT INTO `room` (`id_room`, `id_hotel`, `id_room_kind`, `number_in_hotel`, `cost_of_one_night`) VALUES
  (1, 65, 1, 1, 7019),
  (2, 20, 1, 2, 7787),
  (3, 2, 1, 3, 1802),
  (4, 98, 2, 4, 9139),
  (5, 1, 1, 5, 5768),
  (6, 13, 2, 6, 6260),
  (7, 2, 1, 7, 6079),
  (8, 66, 2, 8, 5275),
  (9, 68, 1, 9, 7107),
  (10, 8, 2, 10, 5467),
  (11, 2, 1, 11, 3830),
  (12, 54, 2, 12, 8759),
  (13, 2, 2, 13, 1260),
  (14, 88, 1, 14, 8782),
  (15, 2, 2, 15, 1956),
  (16, 22, 2, 16, 1026),
  (17, 29, 1, 17, 7866),
  (18, 44, 2, 18, 5181),
  (19, 11, 2, 19, 3381),
  (20, 9, 1, 20, 1440),
  (21, 44, 1, 21, 8668),
  (22, 35, 2, 22, 7316),
  (23, 2, 1, 23, 8731),
  (24, 2, 2, 24, 2136),
  (25, 2, 1, 25, 2129),
  (26, 47, 2, 26, 8799),
  (27, 2, 1, 27, 6713),
  (28, 74, 1, 28, 9523),
  (29, 36, 2, 29, 6816),
  (30, 23, 2, 30, 9468),
  (31, 40, 2, 31, 4528),
  (32, 2, 2, 32, 4797),
  (33, 93, 2, 33, 4533),
  (34, 101, 2, 34, 7322),
  (35, 27, 1, 35, 6397),
  (36, 2, 1, 36, 9246),
  (37, 36, 1, 37, 2362),
  (38, 17, 2, 38, 8790),
  (39, 91, 2, 39, 4071),
  (40, 93, 1, 40, 2801),
  (41, 93, 1, 41, 3867),
  (42, 3, 1, 42, 1949),
  (43, 72, 2, 43, 7596),
  (44, 6, 1, 44, 4505),
  (45, 88, 2, 45, 6237),
  (46, 93, 2, 46, 1298),
  (47, 71, 2, 47, 8730),
  (48, 21, 1, 48, 7541),
  (49, 101, 1, 49, 9695),
  (50, 5, 1, 50, 3805),
  (51, 21, 1, 51, 7080),
  (52, 4, 1, 52, 7479),
  (53, 78, 2, 53, 7734),
  (54, 31, 2, 54, 7416),
  (55, 27, 2, 55, 6974),
  (56, 44, 2, 56, 5911),
  (57, 83, 2, 57, 8521),
  (58, 70, 1, 58, 7191),
  (59, 53, 2, 59, 7956),
  (60, 58, 2, 60, 2820),
  (61, 21, 2, 61, 6971),
  (62, 93, 2, 62, 4174),
  (63, 89, 1, 63, 8202),
  (64, 84, 2, 64, 9558),
  (65, 59, 2, 65, 8568),
  (66, 51, 1, 66, 7335),
  (67, 101, 2, 67, 6262),
  (68, 30, 2, 68, 3052),
  (69, 60, 1, 69, 2875),
  (70, 82, 1, 70, 4299),
  (71, 74, 2, 71, 3558),
  (72, 30, 2, 72, 7798),
  (73, 94, 2, 73, 9101),
  (74, 14, 2, 74, 3313),
  (75, 12, 1, 75, 1839),
  (76, 36, 1, 76, 4384),
  (77, 66, 1, 77, 1601),
  (78, 66, 1, 78, 2355),
  (79, 2, 2, 79, 5598),
  (80, 11, 2, 80, 9874),
  (81, 67, 2, 81, 5731),
  (82, 98, 1, 82, 5065),
  (83, 4, 2, 83, 6192),
  (84, 3, 1, 84, 9087),
  (85, 58, 1, 85, 5282),
  (86, 7, 1, 86, 8346),
  (87, 66, 2, 87, 3992),
  (88, 62, 2, 88, 5190),
  (89, 80, 2, 89, 6305),
  (90, 101, 1, 90, 3505),
  (91, 68, 2, 91, 8865),
  (92, 29, 2, 92, 1189),
  (93, 101, 2, 93, 7427),
  (94, 62, 2, 94, 6012),
  (95, 98, 1, 95, 4997),
  (96, 94, 2, 96, 9772),
  (97, 101, 1, 97, 3368),
  (98, 34, 1, 98, 3348),
  (99, 55, 1, 99, 6686),
  (100, 73, 2, 100, 2884);


CREATE TABLE IF NOT EXISTS `room_in_reservation` (
  `id_room_in_reservation` INT(11) NOT NULL,
  `id_reservation`         INT(11) NOT NULL,
  `id_room`                INT(11) NOT NULL,
  `date_of_arrival`        DATE    NOT NULL,
  `date_of_departure`      DATE DEFAULT NULL,

  PRIMARY KEY (id_room_in_reservation),
  FOREIGN KEY (id_reservation) REFERENCES reservation(id_reservation),
  FOREIGN KEY (id_room) REFERENCES room(id_room)
)
  ENGINE = InnoDB
  AUTO_INCREMENT = 1
  DEFAULT CHARSET = utf8;

CREATE UNIQUE INDEX UN_room_in_reservation_id_room_in_reservation
  ON `room_in_reservation` (id_room_in_reservation);
CREATE INDEX IN_room_in_reservation_id_room
  ON `room_in_reservation` (id_room);
CREATE INDEX IN_room_in_reservation_date_of_arrival
  ON `room_in_reservation` (date_of_arrival);
CREATE INDEX IN_room_in_reservation_date_of_departure
  ON `room_in_reservation` (date_of_departure);



INSERT INTO `room_in_reservation` (`id_room_in_reservation`, `id_reservation`, `id_room`, `date_of_arrival`, `date_of_departure`) VALUES
  (1, 934, 39, '2006-10-14', NULL),
  (2, 604, 12, '2014-11-12', '2017-10-16'),
  (3, 1, 62, '2002-12-20', '2017-12-23'),
  (4, 1, 1, '2014-12-29', '2017-12-14'),
  (5, 82, 71, '2008-10-11', '2016-10-22'),
  (6, 415, 84, '2008-11-27', '2015-12-20'),
  (7, 226, 64, '2015-10-22', '2017-10-31'),
  (8, 187, 51, '2013-10-10', '2015-12-28'),
  (9, 160, 26, '2001-12-11', '2017-10-19'),
  (10, 717, 59, '2006-10-27', '2015-10-17'),
  (11, 833, 98, '2000-11-21', '2017-11-22'),
  (12, 443, 15, '2006-11-27', NULL),
  (13, 1, 1, '2008-10-31', '2017-11-15'),
  (14, 1, 1, '2009-10-14', '2017-10-12'),
  (15, 1, 1, '2003-11-29', '2015-10-12'),
  (16, 776, 27, '2005-12-15', '2017-11-18'),
  (17, 439, 95, '2015-11-27', '2015-10-20'),
  (18, 432, 11, '2011-11-25', '2017-10-15'),
  (19, 417, 68, '2012-12-13', '2017-12-13'),
  (20, 763, 85, '2013-10-26', '2015-10-10'),
  (21, 522, 44, '2009-10-25', '2016-12-19'),
  (22, 300, 36, '2003-11-20', NULL),
  (23, 359, 74, '2014-12-22', NULL),
  (24, 615, 95, '2012-12-11', '2016-10-24'),
  (25, 115, 15, '2010-11-17', '2015-10-10'),
  (26, 865, 36, '2000-10-29', '2015-10-31'),
  (27, 652, 96, '2001-11-10', '2015-11-30'),
  (28, 88, 9, '2000-12-16', '2017-12-22'),
  (29, 558, 6, '2004-11-29', '2016-12-29'),
  (30, 549, 58, '2010-12-29', '2017-10-14'),
  (31, 16, 6, '2001-12-12', '2015-10-31'),
  (32, 418, 82, '2005-10-20', '2016-10-22'),
  (33, 314, 20, '2014-10-13', '2015-11-26'),
  (34, 452, 85, '2014-10-10', '2017-12-20'),
  (35, 124, 47, '2003-11-26', NULL),
  (36, 988, 44, '2010-11-30', '2017-12-25'),
  (37, 671, 5, '2004-11-26', '2017-12-30'),
  (38, 790, 52, '2009-12-24', '2016-12-14'),
  (39, 908, 53, '2012-11-15', NULL),
  (40, 672, 9, '2004-12-14', '2016-10-16'),
  (41, 991, 100, '2005-12-24', NULL),
  (42, 953, 67, '2011-11-29', '2016-10-18'),
  (43, 577, 50, '2007-11-13', '2016-10-26'),
  (44, 754, 18, '2011-10-20', '2016-10-23'),
  (45, 139, 27, '2002-12-18', '2016-12-22'),
  (46, 19, 86, '2014-10-13', '2016-12-19'),
  (47, 982, 88, '2012-11-17', '2015-11-19'),
  (48, 353, 15, '2005-10-15', '2016-11-17'),
  (49, 848, 97, '2007-10-23', NULL),
  (50, 893, 59, '2012-11-16', '2017-12-15'),
  (51, 398, 14, '2014-12-16', '2016-12-26'),
  (52, 651, 81, '2005-11-11', '2016-12-30'),
  (53, 273, 56, '2006-10-13', '2017-11-21'),
  (54, 20, 98, '2000-12-30', '2016-10-20'),
  (55, 403, 19, '2004-10-15', '2016-12-14'),
  (56, 64, 39, '2005-10-21', NULL),
  (57, 45, 83, '2004-12-11', '2017-10-26'),
  (58, 612, 24, '2009-10-19', NULL),
  (59, 59, 67, '2009-12-11', '2017-10-13'),
  (60, 782, 84, '2010-11-23', '2017-10-19'),
  (61, 83, 86, '2008-11-25', '2015-12-31'),
  (62, 498, 99, '2015-10-21', '2015-11-19'),
  (63, 860, 1, '2014-11-18', '2016-10-25'),
  (64, 668, 85, '2014-12-21', '2017-12-28'),
  (65, 976, 21, '2013-12-21', '2017-12-10'),
  (66, 315, 66, '2004-10-18', '2015-10-28'),
  (67, 967, 1, '2015-12-24', '2016-11-24'),
  (68, 398, 40, '2003-10-25', '2017-12-14'),
  (69, 593, 99, '2013-12-19', '2016-12-14'),
  (70, 453, 44, '2002-10-18', '2016-11-17'),
  (71, 11, 72, '2009-11-19', NULL),
  (72, 528, 29, '2010-10-15', NULL),
  (73, 396, 23, '2003-10-22', '2016-10-21'),
  (74, 777, 46, '2003-10-21', '2016-12-26'),
  (75, 390, 96, '2005-12-17', '2015-10-28'),
  (76, 57, 91, '2005-10-26', '2015-12-18'),
  (77, 882, 50, '2002-11-11', NULL),
  (78, 998, 37, '2005-11-30', NULL),
  (79, 717, 60, '2013-12-25', '2017-10-22'),
  (80, 582, 40, '2000-12-25', '2016-11-20'),
  (81, 45, 95, '2009-10-25', '2016-12-17'),
  (82, 352, 75, '2009-10-12', '2017-10-29'),
  (83, 337, 51, '2013-11-19', NULL),
  (84, 144, 2, '2004-12-11', '2015-10-30'),
  (85, 177, 77, '2010-10-30', '2017-10-19'),
  (86, 281, 26, '2007-11-26', '2015-12-19'),
  (87, 346, 92, '2002-11-24', '2017-10-19'),
  (88, 254, 68, '2000-10-15', '2016-12-11'),
  (89, 712, 48, '2009-11-23', '2015-12-31'),
  (90, 544, 15, '2009-11-23', NULL),
  (91, 351, 96, '2009-12-11', '2017-12-13'),
  (92, 340, 19, '2006-10-17', '2015-10-26'),
  (93, 43, 11, '2011-11-18', '2017-10-31'),
  (94, 218, 87, '2011-10-22', '2015-12-13'),
  (95, 825, 3, '2005-12-30', NULL),
  (96, 134, 37, '2003-11-16', NULL),
  (97, 951, 42, '2008-10-14', '2017-11-12'),
  (98, 947, 61, '2009-10-23', NULL),
  (99, 920, 90, '2009-10-12', '2016-11-10'),
  (100, 760, 32, '2005-12-26', '2016-10-14'),
  (101, 656, 31, '2008-12-20', '2015-12-21'),
  (102, 778, 90, '2012-11-17', '2016-10-18'),
  (103, 894, 63, '2007-10-22', '2015-11-14'),
  (104, 705, 68, '2003-12-21', '2016-12-17'),
  (105, 281, 98, '2011-10-19', '2016-10-21'),
  (106, 421, 26, '2001-11-29', '2016-12-14'),
  (107, 172, 54, '2007-12-17', '2016-12-12'),
  (108, 932, 76, '2014-10-17', '2017-10-31'),
  (109, 358, 40, '2010-12-15', NULL),
  (110, 860, 90, '2015-11-17', '2015-11-25'),
  (111, 463, 27, '2005-11-10', '2016-10-23'),
  (112, 885, 19, '2013-11-29', '2016-10-28'),
  (113, 745, 15, '2010-11-16', '2015-10-12'),
  (114, 100, 93, '2014-12-19', NULL),
  (115, 190, 8, '2015-11-30', '2017-12-10'),
  (116, 351, 7, '2002-12-10', '2017-12-15'),
  (117, 27, 9, '2014-12-22', NULL),
  (118, 968, 62, '2004-10-13', NULL),
  (119, 744, 88, '2000-12-21', '2016-11-10'),
  (120, 307, 53, '2015-11-11', NULL),
  (121, 603, 55, '2005-10-10', '2015-11-21'),
  (122, 328, 95, '2001-11-28', '2017-11-18'),
  (123, 732, 42, '2003-10-16', NULL),
  (124, 482, 86, '2007-12-22', '2016-12-16'),
  (125, 949, 5, '2006-11-20', '2017-10-11'),
  (126, 517, 31, '2007-12-13', '2016-11-14'),
  (127, 659, 82, '0000-00-00', '2017-12-14'),
  (128, 37, 28, '2002-10-16', NULL),
  (129, 743, 51, '2012-12-31', '2016-11-18'),
  (130, 588, 26, '2000-12-25', NULL),
  (131, 475, 46, '2013-12-16', '2017-10-24'),
  (132, 751, 3, '2010-12-17', '2015-12-23'),
  (133, 462, 23, '2009-12-24', '2017-11-13'),
  (134, 922, 69, '2014-12-26', NULL),
  (135, 943, 33, '2003-10-20', '2015-12-26'),
  (136, 480, 33, '2011-10-26', '2015-12-13'),
  (137, 775, 31, '2004-10-23', '2016-10-19'),
  (138, 394, 28, '2008-11-11', '2016-12-21'),
  (139, 628, 98, '2007-11-22', '2015-12-20'),
  (140, 744, 74, '2003-11-17', NULL),
  (141, 331, 60, '2001-12-17', '2016-10-22'),
  (142, 541, 24, '2004-11-29', '2016-11-19'),
  (143, 842, 69, '2007-10-25', '2017-12-21'),
  (144, 674, 24, '2008-10-20', '2015-10-16'),
  (145, 22, 62, '2012-11-19', '2015-10-16'),
  (146, 550, 66, '2014-10-19', NULL),
  (147, 748, 85, '2008-12-22', '2016-12-20'),
  (148, 485, 79, '2005-12-26', '2017-11-26'),
  (149, 547, 68, '2002-12-19', '2017-10-17'),
  (150, 856, 16, '2002-11-24', '2017-11-15'),
  (151, 322, 53, '2009-11-30', '2016-10-28'),
  (152, 466, 87, '2007-12-27', '2016-12-25'),
  (153, 534, 2, '2003-10-10', NULL),
  (154, 15, 47, '2004-12-10', '2016-10-24'),
  (155, 567, 22, '2001-12-20', NULL),
  (156, 690, 37, '2003-10-23', '2017-12-14'),
  (157, 906, 84, '2014-12-21', '2016-12-12'),
  (158, 362, 46, '2007-11-30', NULL),
  (159, 189, 4, '2015-12-13', '2017-11-14'),
  (160, 723, 19, '2001-12-19', '2015-11-13'),
  (161, 895, 59, '2004-12-14', NULL),
  (162, 966, 41, '2009-10-10', '2016-12-26'),
  (163, 443, 9, '2012-12-21', '2017-10-30'),
  (164, 124, 69, '2015-10-25', NULL),
  (165, 676, 59, '2011-11-12', NULL),
  (166, 706, 79, '2001-12-22', '2015-10-15'),
  (167, 599, 23, '2012-10-28', NULL),
  (168, 411, 32, '2002-12-18', '2015-12-28'),
  (169, 107, 26, '2003-11-25', '2017-12-16'),
  (170, 883, 15, '2015-10-19', '2016-10-20'),
  (171, 23, 71, '2007-11-11', NULL),
  (172, 762, 71, '2015-10-21', '2016-10-25'),
  (173, 485, 16, '2006-12-10', '2016-10-22'),
  (174, 185, 86, '2014-11-25', '2015-11-27'),
  (175, 736, 91, '2000-12-12', '2015-12-29'),
  (176, 201, 3, '2011-12-17', '2015-12-14'),
  (177, 768, 10, '2012-11-25', '2017-12-30'),
  (178, 528, 73, '2014-12-30', '2015-11-11'),
  (179, 413, 67, '2011-12-12', '2016-11-14'),
  (180, 354, 84, '2015-10-13', '2016-11-27'),
  (181, 374, 53, '2002-10-27', '2017-12-15'),
  (182, 57, 69, '2010-10-25', '2016-11-29'),
  (183, 984, 66, '2009-11-26', NULL),
  (184, 398, 32, '2005-11-11', '2016-12-15'),
  (185, 524, 46, '2001-10-27', '2016-11-14'),
  (186, 435, 76, '2002-12-11', '2017-10-21'),
  (187, 900, 38, '2004-11-23', '2016-10-15'),
  (188, 990, 61, '2006-10-22', NULL),
  (189, 669, 86, '2010-12-27', NULL),
  (190, 962, 6, '2012-10-21', NULL),
  (191, 315, 35, '2010-12-31', NULL),
  (192, 177, 35, '0000-00-00', NULL),
  (193, 422, 23, '2002-12-11', '2015-10-24'),
  (194, 521, 75, '2006-12-21', NULL),
  (195, 415, 95, '2000-11-25', NULL),
  (196, 520, 1, '2000-11-23', '2016-12-30'),
  (197, 392, 42, '2000-10-20', NULL),
  (198, 319, 31, '2006-12-30', NULL),
  (199, 889, 27, '2011-11-14', '2017-11-18'),
  (200, 877, 47, '2003-12-27', NULL),
  (201, 290, 44, '2001-12-11', NULL),
  (202, 999, 26, '2005-11-11', '2015-10-25'),
  (203, 66, 99, '2006-11-26', '2017-12-24'),
  (204, 284, 28, '2011-12-19', '2016-12-27'),
  (205, 715, 19, '2013-10-21', NULL),
  (206, 574, 35, '2004-11-28', NULL),
  (207, 17, 38, '2006-11-15', NULL),
  (208, 831, 30, '2010-11-17', NULL),
  (209, 257, 50, '2008-10-17', '2016-12-24'),
  (210, 573, 13, '2007-11-25', '2016-12-15'),
  (211, 542, 87, '2012-12-21', '2015-12-12'),
  (212, 292, 74, '2010-10-22', NULL),
  (213, 526, 8, '2002-10-28', '2017-10-18'),
  (214, 50, 22, '2006-10-17', '2015-12-13'),
  (215, 981, 91, '2003-12-29', '2016-11-27'),
  (216, 807, 65, '2006-10-29', '2017-10-12'),
  (217, 327, 79, '2014-10-12', NULL),
  (218, 363, 42, '2013-11-28', '2016-11-11'),
  (219, 334, 38, '2012-12-11', '2015-10-12'),
  (220, 716, 75, '2006-12-28', NULL),
  (221, 602, 65, '2007-12-27', '2015-10-13'),
  (222, 148, 81, '2012-11-16', '2015-10-11'),
  (223, 321, 61, '2008-10-12', '2015-11-19'),
  (224, 749, 74, '2014-11-30', '2016-11-25'),
  (225, 458, 24, '2012-12-22', NULL),
  (226, 984, 3, '2000-10-16', NULL),
  (227, 373, 81, '2009-11-27', '2015-11-29'),
  (228, 153, 46, '2003-11-20', '2016-10-20'),
  (229, 34, 64, '2015-12-18', '2016-10-15'),
  (230, 885, 14, '2000-12-31', '2015-12-18'),
  (231, 694, 2, '2006-12-26', '2016-11-28'),
  (232, 539, 29, '2004-10-10', '2015-10-14'),
  (233, 539, 97, '2005-11-13', '2016-11-27'),
  (234, 851, 83, '2008-10-22', '2017-11-22'),
  (235, 659, 69, '2014-12-27', '2015-11-30'),
  (236, 626, 15, '2013-12-12', '2015-10-23'),
  (237, 586, 4, '2008-11-12', '2017-12-20'),
  (238, 875, 81, '2006-10-18', '2017-10-13'),
  (239, 786, 14, '2014-12-10', '2017-11-18'),
  (240, 684, 6, '2011-10-31', '2016-10-19'),
  (241, 570, 23, '2011-12-11', '2016-10-24'),
  (242, 657, 97, '2013-10-19', '2016-10-30'),
  (243, 865, 94, '2012-11-24', '2016-11-22'),
  (244, 45, 25, '2003-12-25', NULL),
  (245, 186, 85, '2006-12-22', NULL),
  (246, 755, 65, '0000-00-00', '2017-10-31'),
  (247, 115, 9, '2008-12-12', NULL),
  (248, 774, 72, '2008-11-21', '2016-12-27'),
  (249, 660, 47, '2011-10-12', '2016-10-29'),
  (250, 99, 15, '2014-10-23', '2016-11-24'),
  (251, 601, 99, '2000-12-21', NULL),
  (252, 663, 35, '2011-11-10', '2017-10-17'),
  (253, 761, 51, '2011-11-30', '2015-10-17'),
  (254, 859, 89, '2006-12-30', '2017-11-30'),
  (255, 494, 68, '2012-11-15', '2016-12-18'),
  (256, 749, 76, '2013-11-17', '2015-10-18'),
  (257, 493, 64, '2004-10-26', '2016-10-18'),
  (258, 438, 89, '2008-11-16', '2016-12-30'),
  (259, 1, 54, '2014-10-23', '2016-11-11'),
  (260, 635, 27, '2001-11-17', '2017-10-11'),
  (261, 412, 76, '2005-11-30', '2017-12-26'),
  (262, 115, 45, '2006-10-30', NULL),
  (263, 531, 53, '2000-12-21', NULL),
  (264, 90, 48, '2008-10-19', NULL),
  (265, 483, 51, '2011-11-16', '2015-10-29'),
  (266, 863, 66, '2010-11-14', '2015-11-27'),
  (267, 14, 13, '2014-11-23', '2015-11-18'),
  (268, 269, 65, '2009-11-13', '2015-12-28'),
  (269, 882, 40, '2005-10-14', '2015-11-25'),
  (270, 307, 25, '2000-10-10', '2015-11-21'),
  (271, 104, 52, '2006-11-10', '2016-11-29'),
  (272, 873, 55, '2002-10-11', '2017-11-16'),
  (273, 329, 9, '2001-11-21', NULL),
  (274, 279, 37, '2001-12-27', '2016-10-27'),
  (275, 347, 46, '2011-10-20', '2015-11-17'),
  (276, 70, 10, '2004-12-30', '2016-11-11'),
  (277, 7, 42, '2004-10-20', '2017-10-17'),
  (278, 345, 12, '2005-12-30', '2016-12-20'),
  (279, 193, 28, '2006-11-21', '2015-10-31'),
  (280, 473, 95, '2000-11-19', '2016-10-22'),
  (281, 172, 48, '2015-11-22', NULL),
  (282, 297, 94, '2015-10-13', '2016-10-18'),
  (283, 786, 96, '2006-12-26', NULL),
  (284, 556, 31, '2007-11-30', '2016-10-15'),
  (285, 247, 29, '2013-12-24', NULL),
  (286, 251, 57, '2005-11-16', '2015-11-13'),
  (287, 110, 33, '2006-10-18', NULL),
  (288, 508, 43, '2014-11-10', '2017-10-18'),
  (289, 236, 53, '2000-12-18', '2016-11-20'),
  (290, 751, 82, '2009-12-16', '2016-12-30'),
  (291, 778, 14, '2001-12-14', '2016-10-13'),
  (292, 560, 52, '2006-10-30', '2017-10-13'),
  (293, 960, 94, '2004-10-19', '2016-10-31'),
  (294, 876, 98, '2014-12-20', NULL),
  (295, 265, 54, '2003-11-18', NULL),
  (296, 454, 64, '2003-10-20', '2016-11-21'),
  (297, 840, 53, '2009-12-27', '2015-10-24'),
  (298, 610, 50, '2009-11-10', NULL),
  (299, 350, 78, '2004-12-31', '2017-11-29'),
  (300, 569, 10, '2003-10-29', '2016-12-31'),
  (301, 638, 10, '2000-11-11', '2017-12-28'),
  (302, 847, 31, '2011-12-21', NULL),
  (303, 710, 64, '2005-12-25', '2016-12-25'),
  (304, 416, 100, '2010-12-20', '2016-11-16'),
  (305, 814, 66, '2006-12-19', '2015-10-16'),
  (306, 33, 23, '2010-11-29', '2016-10-28'),
  (307, 863, 83, '2009-10-21', NULL),
  (308, 267, 79, '2015-10-16', NULL),
  (309, 216, 7, '2009-11-20', '2017-12-14'),
  (310, 166, 98, '2010-10-14', '2015-10-25'),
  (311, 262, 9, '2009-10-12', '2017-12-15'),
  (312, 224, 50, '2012-12-13', '2017-10-26'),
  (313, 854, 38, '2015-10-16', NULL),
  (314, 245, 23, '2000-10-19', '2016-12-18'),
  (315, 644, 93, '2010-10-25', NULL),
  (316, 801, 15, '2003-12-18', '2016-11-21'),
  (317, 617, 12, '2011-12-19', '2015-12-25'),
  (318, 856, 21, '2002-12-27', '2015-12-23'),
  (319, 506, 38, '2002-12-16', NULL),
  (320, 122, 35, '2006-11-26', NULL),
  (321, 434, 90, '2004-12-23', NULL),
  (322, 47, 47, '2007-12-13', '2016-12-30'),
  (323, 86, 97, '2005-11-26', '2015-11-12'),
  (324, 832, 34, '2010-12-30', '2016-11-15'),
  (325, 647, 17, '2001-12-14', '2017-10-14'),
  (326, 767, 65, '2003-12-23', '2017-11-23'),
  (327, 794, 91, '2014-11-19', '2015-10-28'),
  (328, 833, 28, '2015-11-15', '2015-12-25'),
  (329, 239, 32, '2001-10-29', '2015-10-18'),
  (330, 518, 35, '2014-12-11', '2016-11-28'),
  (331, 945, 41, '2003-10-30', NULL),
  (332, 997, 77, '2009-10-10', '2017-10-31'),
  (333, 566, 13, '2000-12-13', '2017-10-12'),
  (334, 644, 7, '2011-12-16', '2017-10-24'),
  (335, 893, 58, '2000-10-15', '2017-11-17'),
  (336, 767, 60, '2003-12-28', NULL),
  (337, 598, 65, '2001-11-28', '2016-12-29'),
  (338, 569, 32, '2001-11-14', '2017-10-11'),
  (339, 382, 94, '2000-11-13', '2016-10-16'),
  (340, 440, 2, '2013-12-12', '2016-12-15'),
  (341, 424, 84, '2013-10-26', '2017-10-15'),
  (342, 491, 34, '2013-11-27', '2016-11-22'),
  (343, 593, 80, '2015-10-30', NULL),
  (344, 496, 9, '2000-12-19', '2017-10-10'),
  (345, 507, 91, '2011-11-21', NULL),
  (346, 491, 36, '2006-10-22', '2015-11-28'),
  (347, 217, 25, '2007-11-22', '2017-11-13'),
  (348, 133, 79, '0000-00-00', '2017-10-27'),
  (349, 413, 91, '2008-11-11', '2016-10-25'),
  (350, 583, 66, '2014-12-11', '2015-10-10'),
  (351, 588, 73, '2005-12-26', NULL),
  (352, 772, 22, '2005-12-14', NULL),
  (353, 586, 30, '2010-11-26', NULL),
  (354, 899, 39, '2011-12-11', '2015-10-17'),
  (355, 263, 5, '2014-11-22', '2017-10-16'),
  (356, 645, 28, '2010-11-19', NULL),
  (357, 244, 26, '2001-11-13', '2016-11-30'),
  (358, 422, 80, '2006-11-28', '2015-10-13'),
  (359, 471, 66, '2013-10-18', '2017-12-16'),
  (360, 248, 34, '2009-11-12', '2016-11-14'),
  (361, 137, 32, '2000-11-17', '2016-11-13'),
  (362, 142, 55, '2009-11-10', '2015-11-15'),
  (363, 92, 57, '2011-12-14', NULL),
  (364, 579, 12, '2006-11-10', '2017-11-14'),
  (365, 157, 27, '2014-12-27', '2015-11-21'),
  (366, 404, 11, '2011-12-29', NULL),
  (367, 736, 97, '2007-10-13', '2017-12-17'),
  (368, 386, 74, '2006-10-24', '2017-10-19'),
  (369, 457, 81, '0000-00-00', NULL),
  (370, 802, 64, '2005-10-31', '2017-10-18'),
  (371, 570, 18, '2002-11-13', '2015-11-20'),
  (372, 831, 80, '2013-10-18', '2015-11-18'),
  (373, 119, 30, '2006-10-31', '2016-10-25'),
  (374, 661, 60, '2001-10-25', '2015-11-27'),
  (375, 856, 20, '2006-11-19', '2015-11-14'),
  (376, 312, 99, '2006-10-17', '2015-10-19'),
  (377, 4, 64, '2009-12-24', '2017-12-11'),
  (378, 389, 7, '2005-10-21', '2016-12-21'),
  (379, 662, 51, '2006-11-18', '2017-11-11'),
  (380, 989, 62, '2008-10-18', '2016-10-17'),
  (381, 210, 69, '2005-11-13', '2015-10-20'),
  (382, 879, 89, '2014-10-14', '2015-12-27'),
  (383, 391, 55, '2004-12-21', '2017-10-13'),
  (384, 752, 26, '2009-12-29', NULL),
  (385, 741, 37, '2002-12-14', NULL),
  (386, 230, 42, '2001-10-23', '2017-11-14'),
  (387, 835, 25, '2010-12-15', '2017-12-10'),
  (388, 797, 47, '2000-11-22', NULL),
  (389, 709, 34, '2006-10-22', '2016-12-10'),
  (390, 688, 83, '2002-12-29', '2015-11-22'),
  (391, 665, 66, '2011-12-30', '2017-10-21'),
  (392, 690, 30, '2001-11-17', '2015-11-28'),
  (393, 396, 68, '2010-11-10', '2017-10-22'),
  (394, 764, 17, '2007-12-24', '2016-11-18'),
  (395, 575, 72, '2002-12-14', '2016-12-26'),
  (396, 98, 32, '2002-10-23', NULL),
  (397, 271, 96, '2005-12-14', '2015-12-25'),
  (398, 152, 73, '2013-11-18', '2016-10-22'),
  (399, 247, 58, '2004-12-18', NULL),
  (400, 819, 11, '2000-11-30', NULL),
  (401, 429, 18, '2002-12-15', '2017-12-15'),
  (402, 210, 83, '2014-12-23', '2016-10-11'),
  (403, 687, 20, '2013-11-19', '2016-11-16'),
  (404, 195, 63, '2009-12-21', '2017-12-31'),
  (405, 638, 82, '2014-10-21', '2015-11-13'),
  (406, 612, 24, '2010-12-15', '2015-12-30'),
  (407, 869, 61, '2007-10-10', '2017-12-15'),
  (408, 720, 51, '2010-11-15', '2015-10-30'),
  (409, 131, 50, '2007-10-14', '2016-11-29'),
  (410, 727, 1, '2011-12-27', '2017-12-28'),
  (411, 600, 51, '2005-11-23', '2017-10-21'),
  (412, 168, 65, '2007-12-22', '2015-12-26'),
  (413, 335, 5, '2011-11-22', '2017-12-17'),
  (414, 67, 36, '2013-12-31', '2016-10-30'),
  (415, 359, 20, '2012-12-20', NULL),
  (416, 197, 28, '2015-12-12', '2015-12-19'),
  (417, 124, 45, '2003-10-17', '2015-12-29'),
  (418, 28, 87, '2006-12-10', NULL),
  (419, 397, 27, '2002-11-21', '2016-10-18'),
  (420, 108, 59, '2007-11-11', NULL),
  (421, 856, 34, '2013-12-16', '2016-10-17'),
  (422, 85, 20, '2000-12-14', NULL),
  (423, 360, 17, '2014-10-28', NULL),
  (424, 226, 88, '2001-10-11', '2015-12-29'),
  (425, 17, 38, '2015-11-11', '2016-12-11'),
  (426, 894, 21, '2000-11-23', NULL),
  (427, 742, 60, '2015-10-29', NULL),
  (428, 127, 50, '2003-11-25', NULL),
  (429, 932, 28, '2001-12-14', NULL),
  (430, 585, 10, '2015-11-28', '2017-11-20'),
  (431, 748, 63, '2013-11-16', NULL),
  (432, 3, 32, '2008-10-18', '2017-12-21'),
  (433, 846, 72, '2007-11-10', NULL),
  (434, 835, 42, '2012-11-20', '2017-10-26'),
  (435, 572, 6, '2006-10-17', '2016-10-24'),
  (436, 897, 40, '2001-10-31', '2017-10-18'),
  (437, 987, 36, '2001-12-16', NULL),
  (438, 976, 88, '2012-11-12', '2015-10-15'),
  (439, 367, 71, '2001-12-19', '2016-11-27'),
  (440, 31, 26, '2015-11-29', '2016-10-10'),
  (441, 651, 89, '2011-10-20', '2017-11-22'),
  (442, 273, 60, '2011-12-15', NULL),
  (443, 684, 37, '2012-12-27', NULL),
  (444, 203, 87, '2010-12-18', '2016-11-27'),
  (445, 139, 43, '2008-11-21', NULL),
  (446, 254, 70, '2001-11-11', '2015-10-21'),
  (447, 810, 66, '2004-10-24', '2016-12-24'),
  (448, 152, 26, '2012-12-19', '2015-10-19'),
  (449, 477, 16, '2000-12-24', NULL),
  (450, 65, 92, '2009-11-19', '2017-12-12'),
  (451, 942, 46, '2009-12-25', '2017-10-20'),
  (452, 971, 50, '2011-11-27', NULL),
  (453, 420, 20, '2000-12-29', NULL),
  (454, 594, 84, '2013-12-25', '2016-12-24'),
  (455, 646, 72, '2014-12-26', '2015-12-21'),
  (456, 366, 79, '2001-10-19', '2015-11-23'),
  (457, 106, 23, '2005-12-22', '2015-12-18'),
  (458, 158, 91, '2011-10-20', '2015-10-27'),
  (459, 185, 52, '2000-10-31', '2015-12-29'),
  (460, 366, 45, '2004-12-27', '2017-10-31'),
  (461, 431, 4, '2006-12-31', NULL),
  (462, 800, 27, '2005-12-17', '2015-11-20'),
  (463, 665, 70, '2014-12-13', '2017-10-15'),
  (464, 389, 15, '2005-11-10', NULL),
  (465, 161, 28, '2008-10-12', NULL),
  (466, 659, 97, '2010-11-20', NULL),
  (467, 327, 20, '2008-11-19', '2017-11-29'),
  (468, 779, 44, '0000-00-00', '2015-12-12'),
  (469, 270, 76, '2007-12-20', '2017-10-14'),
  (470, 348, 10, '2002-11-16', '2017-11-21'),
  (471, 102, 68, '2008-10-17', '2017-12-13'),
  (472, 322, 80, '2013-10-29', '2017-11-29'),
  (473, 935, 58, '2011-11-29', '2016-11-15'),
  (474, 329, 9, '2014-10-14', '2015-10-16'),
  (475, 291, 34, '2015-11-24', '2015-11-22'),
  (476, 742, 66, '2009-11-22', '2016-11-21'),
  (477, 465, 17, '2007-10-20', '2015-12-24'),
  (478, 132, 35, '2015-12-11', '2016-10-10'),
  (479, 787, 36, '2005-10-29', NULL),
  (480, 109, 52, '2010-11-12', '2015-10-23'),
  (481, 522, 75, '2006-12-26', '2015-12-23'),
  (482, 185, 10, '2007-10-12', '2015-10-16'),
  (483, 991, 23, '2007-11-11', '2017-10-15'),
  (484, 82, 5, '2013-12-10', '2017-10-19'),
  (485, 571, 20, '2014-12-31', NULL),
  (486, 123, 79, '2009-12-23', '2015-10-31'),
  (487, 852, 91, '2007-12-21', '2016-10-11'),
  (488, 264, 38, '2006-12-24', '2017-11-13'),
  (489, 933, 72, '2000-12-13', '2017-11-12'),
  (490, 544, 9, '2000-10-27', '2015-11-10'),
  (491, 132, 80, '2011-11-17', '2017-10-15'),
  (492, 781, 21, '2013-11-19', '2016-10-19'),
  (493, 914, 4, '2006-12-17', NULL),
  (494, 209, 60, '2001-11-17', '2017-10-13'),
  (495, 437, 98, '2013-11-10', NULL),
  (496, 450, 87, '2011-10-29', '2017-10-14'),
  (497, 991, 78, '2013-12-25', '2017-11-26'),
  (498, 661, 33, '2000-12-12', '2017-11-30'),
  (499, 785, 65, '2002-11-23', '2015-10-12'),
  (500, 315, 71, '2002-12-28', '2015-12-19'),
  (501, 292, 35, '2009-10-20', '2016-12-27'),
  (502, 166, 83, '2011-10-27', '2016-11-20'),
  (503, 506, 62, '2013-11-17', NULL),
  (504, 934, 46, '2012-10-11', '2017-10-25'),
  (505, 327, 1, '2014-11-10', NULL),
  (506, 307, 1, '2015-12-17', NULL),
  (507, 606, 8, '2004-12-31', '2015-12-30'),
  (508, 259, 7, '2014-11-14', '2016-10-28'),
  (509, 711, 91, '2005-11-23', NULL),
  (510, 437, 87, '2015-10-28', '2017-10-27'),
  (511, 204, 85, '2001-10-31', NULL),
  (512, 243, 19, '2008-11-12', NULL),
  (513, 851, 32, '2000-11-21', '2015-11-18'),
  (514, 123, 40, '2009-10-21', '2017-10-29'),
  (515, 282, 24, '2007-11-12', NULL),
  (516, 420, 7, '2011-12-30', '2016-10-26'),
  (517, 879, 97, '2009-12-29', '2017-12-21'),
  (518, 920, 47, '2012-10-28', '2015-11-24'),
  (519, 71, 39, '2001-12-22', '2017-12-20'),
  (520, 571, 64, '2014-11-10', '2016-12-23'),
  (521, 470, 20, '2014-12-18', '2016-10-14'),
  (522, 422, 79, '2007-11-28', '2016-10-14'),
  (523, 726, 68, '2007-12-27', '2015-11-16'),
  (524, 87, 99, '2012-12-24', '2015-11-14'),
  (525, 41, 68, '2011-12-26', '2017-12-30'),
  (526, 574, 39, '2013-12-22', NULL),
  (527, 234, 87, '2012-10-14', '2016-12-25'),
  (528, 130, 3, '2011-12-19', '2017-12-25'),
  (529, 674, 4, '2015-10-27', NULL),
  (530, 830, 51, '2015-10-24', '2015-10-17'),
  (531, 348, 85, '2011-12-19', NULL),
  (532, 257, 46, '2007-12-20', '2016-11-20'),
  (533, 581, 69, '2003-11-22', NULL),
  (534, 915, 78, '2012-12-12', NULL),
  (535, 794, 16, '2006-10-13', NULL),
  (536, 232, 71, '2014-12-11', '2017-11-13'),
  (537, 626, 39, '2013-11-16', '2015-10-19'),
  (538, 657, 43, '2014-11-19', '2015-12-11'),
  (539, 247, 11, '2004-10-28', '2015-11-16'),
  (540, 817, 37, '2010-12-21', '2017-10-14'),
  (541, 765, 50, '2011-10-26', '2017-10-25'),
  (542, 399, 93, '2001-10-31', '2017-10-21'),
  (543, 805, 3, '2009-11-22', NULL),
  (544, 823, 34, '2012-12-25', '2017-12-25'),
  (545, 153, 62, '2014-11-28', '2015-12-13'),
  (546, 376, 20, '2006-11-28', '2016-12-19'),
  (547, 687, 72, '2007-12-23', '2017-10-20'),
  (548, 898, 9, '2012-11-23', '2017-12-21'),
  (549, 966, 77, '2003-12-31', NULL),
  (550, 103, 77, '2013-11-29', NULL),
  (551, 811, 60, '2013-11-20', '2016-12-23'),
  (552, 684, 84, '2005-12-15', '2016-11-12'),
  (553, 548, 86, '2015-12-10', '2017-11-16'),
  (554, 310, 7, '2004-11-19', '2017-12-29'),
  (555, 806, 58, '2015-12-30', '2015-12-14'),
  (556, 675, 66, '2000-12-15', '2015-10-11'),
  (557, 887, 97, '2010-11-21', '2015-10-18'),
  (558, 773, 53, '2013-11-28', '2016-11-11'),
  (559, 146, 13, '2008-11-13', NULL),
  (560, 391, 79, '2011-12-16', NULL),
  (561, 564, 48, '2007-11-30', '2016-10-14'),
  (562, 27, 27, '2011-10-31', NULL),
  (563, 304, 4, '2014-12-14', NULL),
  (564, 804, 54, '2001-11-30', NULL),
  (565, 61, 88, '2012-11-24', '2017-11-13'),
  (566, 2, 97, '2003-10-31', '2015-10-16'),
  (567, 937, 73, '2008-10-24', '2017-11-16'),
  (568, 59, 79, '2008-10-17', '2016-10-31'),
  (569, 577, 81, '2003-11-23', '2016-10-26'),
  (570, 976, 67, '2001-10-10', NULL),
  (571, 633, 65, '2002-12-12', '2016-10-25'),
  (572, 460, 39, '2007-10-28', '2015-10-13'),
  (573, 249, 23, '2010-12-31', '2016-10-15'),
  (574, 200, 18, '2005-10-21', '2017-11-24'),
  (575, 257, 31, '2005-12-10', '2016-11-27'),
  (576, 569, 89, '2006-12-15', '2015-12-20'),
  (577, 51, 66, '2005-12-28', NULL),
  (578, 13, 96, '2007-11-19', NULL),
  (579, 347, 93, '2012-11-13', NULL),
  (580, 417, 22, '2004-10-16', '2015-11-19'),
  (581, 869, 78, '2000-11-23', NULL),
  (582, 639, 30, '2009-11-24', NULL),
  (583, 575, 46, '2008-12-12', '2015-11-23'),
  (584, 887, 25, '2002-11-27', NULL),
  (585, 202, 56, '2003-11-10', '2017-10-13'),
  (586, 429, 42, '2008-10-26', '2015-11-30'),
  (587, 606, 7, '2010-10-21', '2017-10-25'),
  (588, 32, 54, '2001-12-27', '2016-12-28'),
  (589, 218, 72, '2007-11-13', NULL),
  (590, 153, 5, '2001-12-18', '2015-12-14'),
  (591, 670, 27, '2015-12-18', NULL),
  (592, 653, 19, '2007-12-22', '2017-11-16'),
  (593, 44, 23, '2014-10-31', NULL),
  (594, 39, 5, '2000-11-30', '2015-12-11'),
  (595, 64, 10, '2009-12-24', '2017-12-19'),
  (596, 59, 16, '2000-11-24', '2017-10-15'),
  (597, 862, 19, '2009-11-26', '2016-11-30'),
  (598, 213, 100, '2015-12-21', NULL),
  (599, 913, 76, '2010-10-22', '2017-12-14'),
  (600, 729, 83, '2012-11-29', '2015-10-29'),
  (601, 754, 3, '2004-10-11', NULL),
  (602, 779, 94, '2001-12-30', '2017-12-15'),
  (603, 405, 47, '2003-12-16', '2015-10-29'),
  (604, 394, 83, '2014-10-11', '2017-10-27'),
  (605, 394, 18, '2013-10-14', '2016-10-26'),
  (606, 587, 13, '2014-10-11', '2017-10-15'),
  (607, 662, 56, '2015-12-21', '2015-11-16'),
  (608, 996, 65, '2004-12-14', '2017-12-12'),
  (609, 295, 69, '2010-11-29', '2016-10-21'),
  (610, 889, 14, '2004-11-19', '2015-11-10'),
  (611, 28, 38, '2000-10-17', NULL),
  (612, 155, 82, '2000-12-30', '2016-10-17'),
  (613, 70, 45, '2007-10-18', '2017-12-15'),
  (614, 705, 47, '2002-12-14', '2017-11-10'),
  (615, 333, 3, '2015-11-12', '2015-10-22'),
  (616, 327, 46, '2003-10-14', '2017-10-16'),
  (617, 542, 61, '2002-10-29', '2016-12-16'),
  (618, 699, 99, '2010-12-26', NULL),
  (619, 917, 54, '2006-11-27', '2017-12-14'),
  (620, 393, 90, '2003-12-22', '2017-11-14'),
  (621, 383, 77, '2010-10-10', '2015-12-25'),
  (622, 950, 83, '2005-10-11', '2016-11-11'),
  (623, 872, 68, '2001-12-13', NULL),
  (624, 304, 16, '2007-10-25', '2017-11-10'),
  (625, 423, 79, '2010-10-10', '2016-11-25'),
  (626, 622, 96, '2006-12-29', NULL),
  (627, 930, 98, '2008-12-15', '2015-11-16'),
  (628, 853, 66, '2009-10-30', '2016-10-28'),
  (629, 636, 84, '2006-12-21', '2016-12-22'),
  (630, 547, 23, '2006-12-27', '2015-12-12'),
  (631, 776, 20, '2014-11-23', NULL),
  (632, 888, 16, '2000-12-23', NULL),
  (633, 639, 52, '2013-12-19', '2016-11-12'),
  (634, 811, 21, '2001-11-16', '2016-11-25'),
  (635, 397, 96, '2003-11-18', NULL),
  (636, 619, 92, '2013-11-13', '2016-10-14'),
  (637, 92, 93, '2012-10-10', '2016-11-25'),
  (638, 123, 73, '2007-11-15', '2015-12-14'),
  (639, 733, 73, '2004-12-30', '2015-10-12'),
  (640, 227, 88, '2013-11-12', '2017-11-19'),
  (641, 373, 81, '2013-12-16', '2016-10-22'),
  (642, 65, 2, '2011-10-31', NULL),
  (643, 148, 25, '2009-10-23', '2017-12-13'),
  (644, 524, 30, '2007-10-31', '2015-10-11'),
  (645, 143, 40, '2009-12-28', '2017-11-29'),
  (646, 72, 10, '2000-11-23', '2017-11-21'),
  (647, 215, 38, '2009-11-26', '2015-10-30'),
  (648, 359, 38, '2001-11-13', '2016-12-26'),
  (649, 792, 51, '2005-12-26', '2015-11-21'),
  (650, 856, 39, '2004-11-12', NULL),
  (651, 587, 71, '2006-12-19', '2016-12-14'),
  (652, 748, 36, '2009-12-25', '2015-12-21'),
  (653, 46, 14, '2007-12-13', '2016-10-18'),
  (654, 475, 79, '2011-11-23', '2015-12-14'),
  (655, 680, 78, '2003-10-18', NULL),
  (656, 256, 95, '2003-11-23', '2016-11-24'),
  (657, 204, 14, '2004-11-19', '2017-11-22'),
  (658, 260, 20, '2013-11-16', '2016-10-26'),
  (659, 481, 23, '2011-10-16', '2016-12-28'),
  (660, 134, 1, '2011-10-11', '2016-10-29'),
  (661, 462, 81, '2012-12-11', '2017-12-26'),
  (662, 632, 29, '2010-11-14', '2017-11-12'),
  (663, 350, 58, '2000-11-13', '2017-11-21'),
  (664, 273, 63, '2001-12-13', '2017-11-14'),
  (665, 99, 14, '2001-12-15', NULL),
  (666, 391, 31, '0000-00-00', '2017-10-16'),
  (667, 326, 97, '2000-11-14', '2016-11-29'),
  (668, 784, 10, '2002-12-30', '2016-11-28'),
  (669, 874, 20, '2002-10-13', '2016-10-14'),
  (670, 204, 72, '2010-11-19', '2017-11-29'),
  (671, 970, 93, '2010-12-12', '2017-10-25'),
  (672, 112, 39, '2005-10-13', NULL),
  (673, 579, 2, '2012-12-13', '2015-12-31'),
  (674, 577, 97, '2013-10-22', '2017-12-12'),
  (675, 264, 23, '2006-11-11', '2017-12-19'),
  (676, 75, 39, '2010-11-30', '2015-11-28'),
  (677, 606, 77, '2001-12-14', '2016-12-23'),
  (678, 77, 33, '2015-11-14', NULL),
  (679, 488, 76, '2003-10-16', '2015-10-27'),
  (680, 42, 37, '2008-11-23', '2016-11-11'),
  (681, 719, 72, '2001-10-27', NULL),
  (682, 790, 96, '2010-12-16', '2015-10-13'),
  (683, 297, 92, '2000-10-19', '2016-10-25'),
  (684, 615, 27, '2015-11-11', '2016-11-29'),
  (685, 374, 58, '2011-10-12', '2017-10-15'),
  (686, 256, 90, '2005-11-25', '2016-11-11'),
  (687, 998, 42, '2006-11-19', '2015-12-19'),
  (688, 160, 29, '2014-10-15', '2016-10-12'),
  (689, 570, 59, '2015-12-29', NULL),
  (690, 203, 85, '2005-11-28', '2017-10-24'),
  (691, 197, 34, '2014-11-12', NULL),
  (692, 239, 39, '2013-10-31', '2015-12-14'),
  (693, 245, 67, '2008-10-26', '2015-11-25'),
  (694, 697, 97, '2008-11-21', '2017-10-30'),
  (695, 699, 44, '2001-11-22', '2017-11-28'),
  (696, 115, 7, '2006-11-18', '2015-10-12'),
  (697, 731, 76, '2000-10-28', NULL),
  (698, 568, 8, '2002-12-14', NULL),
  (699, 748, 39, '2001-10-26', '2015-10-28'),
  (700, 328, 37, '2012-11-20', '2015-11-24'),
  (701, 467, 66, '2002-11-25', '2015-10-29'),
  (702, 381, 26, '2011-12-29', '2016-10-28'),
  (703, 449, 51, '2007-12-23', '2015-11-18'),
  (704, 27, 58, '2015-11-26', '2015-11-16'),
  (705, 231, 46, '2003-10-25', '2017-10-16'),
  (706, 9, 83, '2005-10-26', '2015-11-25'),
  (707, 748, 76, '2010-11-19', '2016-11-20'),
  (708, 504, 80, '2003-11-19', '2016-11-28'),
  (709, 841, 35, '2012-11-29', '2015-12-13'),
  (710, 513, 40, '2008-12-27', '2015-10-30'),
  (711, 465, 96, '2005-10-23', '2016-11-22'),
  (712, 119, 38, '2006-10-18', '2017-11-27'),
  (713, 561, 41, '2001-12-27', NULL),
  (714, 987, 23, '2004-11-29', '2015-10-12'),
  (715, 695, 20, '2013-11-23', '2016-11-11'),
  (716, 550, 86, '2015-12-11', NULL),
  (717, 980, 90, '2003-12-29', NULL),
  (718, 906, 72, '2014-12-16', '2017-12-12'),
  (719, 777, 5, '2009-11-27', '2017-12-31'),
  (720, 80, 67, '2008-12-25', '2017-10-20'),
  (721, 865, 78, '2014-12-31', '2015-10-12'),
  (722, 406, 70, '2015-12-23', '2017-10-19'),
  (723, 268, 32, '2005-10-24', NULL),
  (724, 13, 81, '2015-11-11', NULL),
  (725, 469, 13, '2014-10-21', '2016-11-23'),
  (726, 693, 56, '2010-10-15', NULL),
  (727, 710, 24, '2010-10-18', '2016-10-29'),
  (728, 71, 18, '2005-11-29', '2017-12-17'),
  (729, 734, 94, '2003-10-17', '2015-12-18'),
  (730, 128, 46, '2014-11-29', NULL),
  (731, 110, 69, '2010-12-30', '2017-12-18'),
  (732, 285, 58, '2009-12-20', '2016-10-12'),
  (733, 674, 68, '2000-12-14', '2017-10-11'),
  (734, 41, 74, '2006-10-26', '2017-12-25'),
  (735, 716, 50, '2014-12-25', '2017-11-11'),
  (736, 494, 4, '2014-10-14', '2016-10-21'),
  (737, 674, 26, '2003-10-13', '2016-11-15'),
  (738, 239, 78, '2013-10-21', NULL),
  (739, 755, 95, '2007-11-12', NULL),
  (740, 373, 81, '2003-11-21', NULL),
  (741, 973, 27, '2005-10-20', NULL),
  (742, 603, 34, '2013-10-12', '2017-11-13'),
  (743, 320, 82, '2006-12-14', '2017-10-19'),
  (744, 717, 38, '2006-12-22', NULL),
  (745, 642, 19, '2002-11-27', '2017-12-27'),
  (746, 947, 95, '2007-11-27', NULL),
  (747, 460, 21, '2011-12-31', '2015-10-24'),
  (748, 809, 2, '2005-10-12', '2015-12-15'),
  (749, 552, 21, '2008-10-18', '2015-10-16'),
  (750, 272, 10, '2010-10-14', '2017-12-25'),
  (751, 703, 32, '2007-11-21', '2017-11-18'),
  (752, 104, 69, '2008-10-27', '2017-11-21'),
  (753, 777, 96, '2008-10-18', '2017-11-12'),
  (754, 406, 34, '2006-12-10', NULL),
  (755, 633, 19, '2014-11-23', '2016-10-15'),
  (756, 169, 89, '2015-12-31', '2015-10-28'),
  (757, 838, 46, '2013-12-18', NULL),
  (758, 798, 67, '2005-11-28', NULL),
  (759, 883, 85, '2008-11-15', NULL),
  (760, 57, 5, '2004-12-18', NULL),
  (761, 1, 94, '2005-10-30', '2016-12-28'),
  (762, 534, 68, '2013-11-26', NULL),
  (763, 242, 60, '2001-11-18', '2016-12-22'),
  (764, 115, 10, '2002-11-19', NULL),
  (765, 197, 46, '2010-10-28', '2015-12-13'),
  (766, 246, 62, '2008-11-23', '2015-11-28'),
  (767, 144, 13, '2014-10-15', '2016-11-22'),
  (768, 268, 31, '2002-11-10', '2017-10-30'),
  (769, 367, 67, '2011-10-28', '2017-12-26'),
  (770, 186, 95, '2007-12-12', NULL),
  (771, 991, 93, '2007-10-15', '2016-10-19'),
  (772, 57, 71, '2008-11-23', '2015-12-14'),
  (773, 480, 19, '2011-10-22', '2016-12-29'),
  (774, 332, 100, '2004-10-31', NULL),
  (775, 916, 20, '2003-10-27', '2015-12-17'),
  (776, 349, 3, '2012-12-27', '2017-10-11'),
  (777, 197, 72, '2008-12-31', '2015-10-15'),
  (778, 27, 16, '2002-11-30', '2016-11-10'),
  (779, 721, 56, '2008-10-25', '2015-12-24'),
  (780, 124, 44, '2008-11-24', '2015-11-20'),
  (781, 450, 63, '2000-11-24', NULL),
  (782, 553, 84, '2010-10-11', NULL),
  (783, 323, 69, '2012-12-14', '2015-10-12'),
  (784, 142, 39, '2004-10-19', '2016-10-29'),
  (785, 722, 48, '2007-12-12', '2017-12-17'),
  (786, 33, 100, '2005-10-22', '2017-10-12'),
  (787, 380, 30, '2009-10-13', '2017-12-18'),
  (788, 506, 17, '2015-11-14', NULL),
  (789, 92, 13, '2014-11-23', '2015-12-15'),
  (790, 396, 46, '2001-10-24', '2016-11-20'),
  (791, 372, 23, '2001-12-10', '2015-10-18'),
  (792, 328, 47, '2000-11-24', '2015-10-27'),
  (793, 236, 4, '2009-11-13', NULL),
  (794, 458, 93, '2013-12-12', NULL),
  (795, 566, 48, '2011-11-19', '2017-11-14'),
  (796, 209, 100, '2011-10-20', '2016-10-25'),
  (797, 749, 81, '2013-12-24', '2017-10-29'),
  (798, 518, 87, '2006-12-26', '2017-11-15'),
  (799, 574, 21, '2001-11-14', '2016-11-23'),
  (800, 414, 94, '2012-10-12', '2015-10-11'),
  (801, 304, 51, '2008-10-13', '2015-10-23'),
  (802, 59, 41, '2007-12-11', NULL),
  (803, 10, 14, '2002-12-17', '2015-10-10'),
  (804, 591, 66, '2015-12-15', '2017-11-20'),
  (805, 741, 92, '2010-12-20', '2015-11-26'),
  (806, 39, 54, '2003-10-23', '2017-12-23'),
  (807, 549, 43, '2013-11-20', '2015-10-20'),
  (808, 360, 57, '2008-10-16', NULL),
  (809, 196, 44, '2007-10-20', '2017-11-11'),
  (810, 870, 44, '2007-12-18', '2016-10-26'),
  (811, 927, 43, '2001-12-25', '2016-12-26'),
  (812, 194, 24, '2004-12-18', '2017-10-20'),
  (813, 764, 36, '2004-11-27', '2016-11-10'),
  (814, 601, 47, '2013-12-30', '2017-11-28'),
  (815, 95, 89, '2001-11-28', '2017-10-28'),
  (816, 768, 48, '2014-11-27', NULL),
  (817, 157, 60, '2003-11-11', '2015-12-31'),
  (818, 783, 75, '2002-12-29', '2017-10-10'),
  (819, 750, 72, '2001-12-22', '2016-12-29'),
  (820, 4, 54, '2006-10-24', '2015-10-25'),
  (821, 768, 8, '2005-12-31', NULL),
  (822, 919, 82, '2004-11-24', '2015-11-14'),
  (823, 267, 29, '2015-11-13', '2015-10-22'),
  (824, 515, 10, '2005-10-23', '2016-12-26'),
  (825, 376, 74, '2013-10-23', '2016-12-12'),
  (826, 271, 78, '2012-12-24', '2015-11-11'),
  (827, 844, 36, '2009-12-11', '2015-10-21'),
  (828, 727, 20, '2000-11-29', '2016-11-26'),
  (829, 918, 98, '2009-12-16', '2015-12-16'),
  (830, 75, 53, '2004-11-27', '2016-12-18'),
  (831, 645, 52, '2004-11-12', '2016-12-21'),
  (832, 868, 6, '2014-12-25', '2015-12-17'),
  (833, 537, 44, '2011-12-19', '2017-12-26'),
  (834, 420, 96, '2005-12-18', '2016-12-14'),
  (835, 361, 74, '2010-10-24', NULL),
  (836, 452, 11, '2004-11-18', '2017-12-31'),
  (837, 196, 31, '2012-12-19', '2017-10-13'),
  (838, 819, 10, '2000-12-24', '2016-12-15'),
  (839, 342, 88, '2000-11-19', NULL),
  (840, 363, 65, '2003-12-12', '2017-12-14'),
  (841, 757, 41, '2000-12-26', '2017-12-30'),
  (842, 852, 53, '2004-12-14', '2017-10-19'),
  (843, 776, 44, '2005-10-30', '2015-11-24'),
  (844, 992, 52, '2000-12-14', '2015-11-16'),
  (845, 411, 9, '2005-12-22', NULL),
  (846, 743, 7, '2004-12-25', '2016-12-27'),
  (847, 839, 53, '2003-10-14', '2016-12-12'),
  (848, 341, 71, '2011-12-29', '2015-10-12'),
  (849, 246, 19, '2013-11-13', '2017-12-13'),
  (850, 843, 85, '2014-10-19', '2016-10-25'),
  (851, 429, 8, '2000-12-17', '2015-12-30'),
  (852, 469, 39, '2013-12-20', NULL),
  (853, 65, 86, '2003-12-30', NULL),
  (854, 410, 50, '2011-12-24', '2016-10-18'),
  (855, 821, 80, '2000-11-23', NULL),
  (856, 424, 82, '2000-10-11', '2015-12-10'),
  (857, 794, 62, '0000-00-00', '2016-12-28'),
  (858, 763, 98, '2010-11-22', '2015-11-18'),
  (859, 936, 34, '2012-10-18', '2015-10-28'),
  (860, 764, 58, '2013-12-19', '2017-11-14'),
  (861, 578, 42, '2009-11-20', '2017-11-17'),
  (862, 433, 65, '2004-10-17', '2017-10-21'),
  (863, 620, 78, '0000-00-00', '2016-11-17'),
  (864, 722, 88, '2005-10-24', NULL),
  (865, 203, 68, '2012-11-28', '2017-10-23'),
  (866, 235, 63, '2000-10-26', NULL),
  (867, 7, 57, '2001-10-26', '2017-11-24'),
  (868, 869, 30, '2000-11-14', '2016-12-19'),
  (869, 869, 97, '2002-11-20', '2017-10-22'),
  (870, 135, 43, '2014-10-17', '2016-12-23'),
  (871, 102, 41, '2014-12-15', '2015-11-29'),
  (872, 674, 38, '2011-10-24', '2015-11-20'),
  (873, 405, 95, '2005-10-17', NULL),
  (874, 105, 5, '2005-11-14', '2017-12-16'),
  (875, 736, 42, '2008-12-13', NULL),
  (876, 565, 76, '2014-11-26', NULL),
  (877, 230, 20, '2005-10-24', '2015-11-29'),
  (878, 1, 70, '2010-11-13', '2016-10-10'),
  (879, 928, 50, '2001-11-30', '2017-12-20'),
  (880, 541, 47, '2000-10-29', '2017-10-12'),
  (881, 58, 94, '2002-11-30', '2016-12-17'),
  (882, 863, 18, '2004-10-25', '2016-10-10'),
  (883, 708, 53, '2005-11-15', '2017-12-18'),
  (884, 413, 70, '2007-12-31', '2015-12-30'),
  (885, 16, 79, '2005-11-16', '2016-12-28'),
  (886, 706, 59, '2006-12-23', NULL),
  (887, 979, 11, '2003-11-27', NULL),
  (888, 535, 87, '2011-12-25', '2017-11-12'),
  (889, 870, 31, '2007-12-10', NULL),
  (890, 668, 50, '2001-12-30', '2015-11-13'),
  (891, 235, 37, '2014-12-23', '2016-12-29'),
  (892, 634, 5, '2004-12-16', '2015-10-11'),
  (893, 613, 22, '2007-10-22', '2017-12-22'),
  (894, 177, 95, '2011-12-14', '2016-12-26'),
  (895, 809, 6, '2010-10-12', '2015-11-20'),
  (896, 772, 28, '2002-10-23', NULL),
  (897, 335, 100, '2011-10-23', '2017-10-23'),
  (898, 32, 85, '2005-11-18', '2016-12-19'),
  (899, 603, 81, '2001-10-14', '2016-12-16'),
  (900, 66, 64, '2008-12-12', '2017-10-19'),
  (901, 438, 14, '2006-12-24', NULL),
  (902, 271, 99, '2000-10-12', '2016-10-29'),
  (903, 474, 73, '2008-10-23', NULL),
  (904, 502, 33, '2001-12-12', '2016-10-30'),
  (905, 105, 27, '2007-11-27', '2015-12-24'),
  (906, 638, 56, '2014-11-29', '2015-11-15'),
  (907, 565, 71, '2015-10-13', '2016-11-28'),
  (908, 816, 33, '2004-12-11', '2015-12-25'),
  (909, 913, 84, '2002-11-10', '2015-11-25'),
  (910, 474, 89, '2004-12-14', '2016-12-16'),
  (911, 276, 66, '2008-10-18', '2016-11-12'),
  (912, 96, 66, '2011-10-10', NULL),
  (913, 582, 53, '2013-11-21', '2015-11-18'),
  (914, 184, 94, '2005-12-16', '2017-11-23'),
  (915, 788, 50, '2007-11-20', '2017-12-25'),
  (916, 987, 82, '2002-10-20', '2015-11-12'),
  (917, 37, 11, '2002-12-22', '2016-12-14'),
  (918, 309, 78, '2001-11-29', '2016-11-16'),
  (919, 464, 33, '2009-10-15', '2017-10-15'),
  (920, 932, 33, '2013-12-13', '2015-11-25'),
  (921, 383, 34, '2015-11-23', '2016-12-19'),
  (922, 161, 49, '2008-12-14', '2017-12-29'),
  (923, 298, 1, '0000-00-00', '2017-12-31'),
  (924, 759, 60, '2008-10-11', '2015-10-14'),
  (925, 801, 30, '2006-10-26', NULL),
  (926, 724, 75, '2007-10-16', '2017-10-18'),
  (927, 577, 61, '2000-10-26', '2017-11-20'),
  (928, 917, 54, '2005-12-13', NULL),
  (929, 757, 64, '2006-11-22', '2016-10-12'),
  (930, 808, 91, '2008-11-21', '2015-11-15'),
  (931, 327, 54, '2001-12-28', '2016-10-29'),
  (932, 545, 16, '2009-10-12', NULL),
  (933, 474, 79, '2001-12-18', '2017-12-28'),
  (934, 197, 64, '2000-12-10', '2016-10-16'),
  (935, 145, 78, '2012-12-24', '2016-10-24'),
  (936, 601, 28, '2013-11-23', '2017-12-21'),
  (937, 514, 19, '2012-10-23', '2015-12-19'),
  (938, 637, 58, '2007-10-23', NULL),
  (939, 262, 80, '2002-10-14', '2016-10-29'),
  (940, 393, 89, '2010-12-17', '2015-10-26'),
  (941, 460, 55, '2000-11-10', '2016-12-28'),
  (942, 891, 44, '2006-12-14', '2016-12-10'),
  (943, 977, 88, '2004-10-28', '2017-10-24'),
  (944, 791, 41, '2001-12-26', NULL),
  (945, 944, 97, '2006-11-17', '2015-12-22'),
  (946, 615, 73, '2015-12-10', NULL),
  (947, 31, 49, '2009-12-17', '2016-10-18'),
  (948, 431, 85, '2009-10-28', '2015-10-17'),
  (949, 34, 1, '2011-10-19', '2017-11-20'),
  (950, 853, 44, '2003-10-31', '2017-12-10'),
  (951, 109, 78, '2003-10-10', '2015-12-24'),
  (952, 670, 97, '2012-10-26', '2017-12-31'),
  (953, 459, 80, '2012-11-23', '2017-12-24'),
  (954, 757, 3, '2009-12-25', '2015-11-26'),
  (955, 549, 68, '2011-11-20', '2015-10-21'),
  (956, 310, 63, '2013-10-23', NULL),
  (957, 788, 60, '2002-12-23', '2015-11-24'),
  (958, 594, 38, '2011-11-23', '2016-10-11'),
  (959, 2, 64, '2005-12-20', '2015-11-12'),
  (960, 256, 96, '2012-10-27', '2016-12-16'),
  (961, 321, 46, '2005-12-31', '2016-11-29'),
  (962, 234, 49, '2004-10-22', NULL),
  (963, 662, 92, '2013-12-30', '2017-11-15'),
  (964, 406, 48, '2001-12-28', NULL),
  (965, 134, 41, '2000-11-25', '2017-12-10'),
  (966, 874, 63, '2007-10-13', '2017-12-27'),
  (967, 874, 16, '2007-12-28', NULL),
  (968, 249, 35, '2000-10-30', NULL),
  (969, 321, 48, '2010-12-16', NULL),
  (970, 599, 33, '2005-11-29', NULL),
  (971, 631, 80, '2001-10-22', NULL),
  (972, 313, 14, '2015-11-29', '2017-12-25'),
  (973, 756, 69, '2006-10-20', NULL),
  (974, 621, 85, '2007-10-19', NULL),
  (975, 969, 11, '2014-10-16', NULL),
  (976, 408, 42, '2008-12-12', NULL),
  (977, 932, 69, '2008-12-20', '2015-12-30'),
  (978, 289, 65, '2008-10-23', '2016-12-23'),
  (979, 37, 81, '2000-12-11', NULL),
  (980, 154, 58, '0000-00-00', '2016-12-12'),
  (981, 695, 62, '2009-12-19', '2017-11-29'),
  (982, 276, 67, '2004-10-12', '2016-11-30'),
  (983, 611, 88, '2015-10-29', NULL),
  (984, 365, 17, '2010-11-12', '2015-10-17'),
  (985, 355, 97, '2009-12-14', '2017-12-20'),
  (986, 442, 54, '2002-11-11', NULL),
  (987, 407, 9, '2007-11-12', '2015-10-10'),
  (988, 131, 13, '2014-10-15', '2017-12-17'),
  (989, 567, 11, '2006-11-14', NULL),
  (990, 136, 4, '2003-10-26', '2016-12-21'),
  (991, 39, 23, '2014-12-13', '2015-12-31'),
  (992, 193, 8, '2005-12-16', NULL),
  (993, 601, 62, '2014-10-25', '2017-12-16'),
  (994, 207, 47, '2000-10-16', NULL),
  (995, 160, 84, '2001-12-31', '2015-12-14'),
  (996, 872, 66, '2011-11-26', '2015-12-14'),
  (997, 369, 6, '2010-11-15', '2016-10-16'),
  (998, 347, 27, '2013-11-24', '2015-10-22'),
  (999, 793, 7, '2002-12-14', NULL),
  (1000, 128, 44, '2009-11-21', '2016-11-17');